Название;Ссылка;Цена;Ссылкана изображение
Кофе Nescafe Classic растворимый 190 г;https://arbuz.kz//ru/almaty/catalog/item/287666-kofe_nescafe_classic_rastvorimyi_190_g;2444 ₸;https://arbuz.kz//static/platform/frontend/assets/app/image-placeholder.svg
Кофе Nescafe натуральный растворимый сублимированный 320 г;https://arbuz.kz//ru/almaty/catalog/item/267461-kofe_nescafe_naturalnyi_rastvorimyi_sublimirovannyi_320_g;"3321 ₸          

              5444 ₸";https://arbuz.kz//static/platform/frontend/assets/app/image-placeholder.svg
Кофе Nescafe Classic натуральный растворимый порошкообразный 500 г;https://arbuz.kz//ru/almaty/catalog/item/247930-kofe_nescafe_classic_naturalnyi_rastvorimyi_poroshkoobraznyi_500_g;5888 ₸;https://arbuz.kz//static/platform/frontend/assets/app/image-placeholder.svg
Кофе Nescafe Gold натуральный растворимый сублимированный 95 г;https://arbuz.kz//ru/almaty/catalog/item/224062-kofe_nescafe_gold_naturalnyi_rastvorimyi_sublimirovannyi_95_g;2444 ₸;https://arbuz.kz//static/platform/frontend/assets/app/image-placeholder.svg
Кофе Nescafe Classic натуральный растворимый порошкообразный 95 г;https://arbuz.kz//ru/almaty/catalog/item/247213-kofe_nescafe_classic_naturalnyi_rastvorimyi_poroshkoobraznyi_95_g;1666 ₸;https://arbuz.kz//static/platform/frontend/assets/app/image-placeholder.svg
Кофе Nescafe растворимый gold alta rica, 85 г;https://arbuz.kz//ru/almaty/catalog/item/312711-kofe_nescafe_rastvorimyi_gold_alta_rica_85_g;2475 ₸;https://arbuz.kz//static/platform/frontend/assets/app/image-placeholder.svg
Какао Хрутка супер шоколадный, 200 г;https://arbuz.kz//ru/almaty/catalog/item/312712-kakao_hrutka_super_shokoladnyi_200_g;1145 ₸;https://arbuz.kz//static/platform/frontend/assets/app/image-placeholder.svg
Кофе Carte Noire растворимый 1.8 г 26 пакетиков;https://arbuz.kz//ru/almaty/catalog/item/232790-kofe_carte_noire_rastvorimyi_1_8_g_26_paketikov;2207 ₸;https://arbuz.kz//static/platform/frontend/assets/app/image-placeholder.svg
Кофе Carte Noire растворимый 190 г;https://arbuz.kz//ru/almaty/catalog/item/252160-kofe_carte_noire_rastvorimyi_190_g;7682 ₸;https://arbuz.kz//static/platform/frontend/assets/app/image-placeholder.svg
Кофе Carte Noire растворимый сублимированный 1.8 г;https://arbuz.kz//ru/almaty/catalog/item/263478-kofe_carte_noire_rastvorimyi_sublimirovannyi_1_8_g;141 ₸;https://arbuz.kz//static/platform/frontend/assets/app/image-placeholder.svg
Кофе Jacobs Monarch растворимый с ароматной арабикой 1.8 г;https://arbuz.kz//ru/almaty/catalog/item/275876-kofe_jacobs_monarch_rastvorimyi_s_aromatnoi_arabikoi_1_8_g;135 ₸;https://arbuz.kz//static/platform/frontend/assets/app/image-placeholder.svg
Кофе Carte Noire растворимый 30 шт;https://arbuz.kz//ru/almaty/catalog/item/280377-kofe_carte_noire_rastvorimyi_30_sht;3520 ₸;https://arbuz.kz//static/platform/frontend/assets/app/image-placeholder.svg
Кофе Jacobs Barista Americano растворимый 46,8 г 30 шт;https://arbuz.kz//ru/almaty/catalog/item/280380-kofe_jacobs_barista_americano_rastvorimyi_46_8_g_30_sht;2880 ₸;https://arbuz.kz//static/platform/frontend/assets/app/image-placeholder.svg
Кофе Nescafe  Классик с Арабикой 2 г;https://arbuz.kz//ru/almaty/catalog/item/282000-kofe_nescafe_klassik_s_arabikoi_2_g;"43 ₸          

              55 ₸";https://arbuz.kz//static/platform/frontend/assets/app/image-placeholder.svg
Кофе Jacobs Monarch растворимый 1.8 г 30 шт;https://arbuz.kz//ru/almaty/catalog/item/282386-kofe_jacobs_monarch_rastvorimyi_1_8_g_30_sht;"2448 ₸          

              2880 ₸";https://arbuz.kz//static/platform/frontend/assets/app/image-placeholder.svg
Кофе Jacobs Monarch натуральный растворимый сублимированный, 130г;https://arbuz.kz//ru/almaty/catalog/item/310568-kofe_jacobs_monarch_naturalnyi_rastvorimyi_sublimirovannyi_130g;3319 ₸;https://arbuz.kz//static/platform/frontend/assets/app/image-placeholder.svg
Кофе Mozart Kaffee Instant растворимый 100 г;https://arbuz.kz//ru/almaty/catalog/item/293034-kofe_mozart_kaffee_instant_rastvorimyi_100_g;3479 ₸;https://arbuz.kz//static/platform/frontend/assets/app/image-placeholder.svg
Кофе Idee Kaffee Gold Express растворимый 100 г;https://arbuz.kz//ru/almaty/catalog/item/293032-kofe_idee_kaffee_gold_express_rastvorimyi_100_g;"2605 ₸          

              3510 ₸";https://arbuz.kz//static/platform/frontend/assets/app/image-placeholder.svg
Кофе Eilles Kaffee Gourmet растворимый 100 г;https://arbuz.kz//ru/almaty/catalog/item/293031-kofe_eilles_kaffee_gourmet_rastvorimyi_100_g;2799 ₸;https://arbuz.kz//static/platform/frontend/assets/app/image-placeholder.svg
Кофе Egoiste Velvet растворимый 95 г;https://arbuz.kz//ru/almaty/catalog/item/293030-kofe_egoiste_velvet_rastvorimyi_95_g;6045 ₸;https://arbuz.kz//static/platform/frontend/assets/app/image-placeholder.svg
Кофе Egoiste Special растворимый 100 г;https://arbuz.kz//ru/almaty/catalog/item/293029-kofe_egoiste_special_rastvorimyi_100_g;5999 ₸;https://arbuz.kz//static/platform/frontend/assets/app/image-placeholder.svg
Кофе Egoiste Private растворимый 100 г;https://arbuz.kz//ru/almaty/catalog/item/293028-kofe_egoiste_private_rastvorimyi_100_g;6137 ₸;https://arbuz.kz//static/platform/frontend/assets/app/image-placeholder.svg
Кофе Egoiste Platinum растворимый 100 г;https://arbuz.kz//ru/almaty/catalog/item/293027-kofe_egoiste_platinum_rastvorimyi_100_g;5776 ₸;https://arbuz.kz//static/platform/frontend/assets/app/image-placeholder.svg
Кофе Egoiste Noir растворимый 100 г;https://arbuz.kz//ru/almaty/catalog/item/293026-kofe_egoiste_noir_rastvorimyi_100_g;4335 ₸;https://arbuz.kz//static/platform/frontend/assets/app/image-placeholder.svg
Кофе Egoiste Double Espresso растворимый 100 г;https://arbuz.kz//ru/almaty/catalog/item/293025-kofe_egoiste_double_espresso_rastvorimyi_100_g;4104 ₸;https://arbuz.kz//static/platform/frontend/assets/app/image-placeholder.svg
Кофе Bushido Light Katana растворимый 100 г;https://arbuz.kz//ru/almaty/catalog/item/293010-kofe_bushido_light_katana_rastvorimyi_100_g;5999 ₸;https://arbuz.kz//static/platform/frontend/assets/app/image-placeholder.svg
Кофе растворимый Carte Noire Сaramel пакет 120 г;https://arbuz.kz//ru/almaty/catalog/item/289892-kofe_rastvorimyi_carte_noire_saramel_paket_120_g;5615 ₸;https://arbuz.kz//static/platform/frontend/assets/app/image-placeholder.svg
Кофе растворимый Carte Noire Elegant блок 1,8 г  30 шт;https://arbuz.kz//ru/almaty/catalog/item/289891-kofe_rastvorimyi_carte_noire_elegant_blok_1_8_g_30_sht;3520 ₸;https://arbuz.kz//static/platform/frontend/assets/app/image-placeholder.svg
Кофе растворимый Carte Noire Elegant пакет 75 г;https://arbuz.kz//ru/almaty/catalog/item/289890-kofe_rastvorimyi_carte_noire_elegant_paket_75_g_;3379 ₸;https://arbuz.kz//static/platform/frontend/assets/app/image-placeholder.svg
Кофе Nescafe 100% натуральный растворимый порошкообразный 120 г;https://arbuz.kz//ru/almaty/catalog/item/285483-kofe_nescafe_100_naturalnyi_rastvorimyi_poroshkoobraznyi_120_g;2015 ₸;https://arbuz.kz//static/platform/frontend/assets/app/image-placeholder.svg
Кофе Nescafe GOLD Aroma Intenso растворимый сублимированный с добавлением жареного молотого 170 г;https://arbuz.kz//ru/almaty/catalog/item/285482-kofe_nescafe_gold_aroma_intenso_rastvorimyi_sublimirovannyi_s_dobavleniem_zharenogo_molotogo_170_g;3555 ₸;https://arbuz.kz//static/platform/frontend/assets/app/image-placeholder.svg
Кофе Jardin Kenya Kilimanjaro 150 г;https://arbuz.kz//ru/almaty/catalog/item/283559-kofe_jardin_kenya_kilimanjaro_150_g;3432 ₸;https://arbuz.kz//static/platform/frontend/assets/app/image-placeholder.svg
Кофе Жокей растворимый сублимированный 450 г;https://arbuz.kz//ru/almaty/catalog/item/283553-kofe_zhokei_rastvorimyi_sublimirovannyi_450_g;7339 ₸;https://arbuz.kz//static/platform/frontend/assets/app/image-placeholder.svg
Кофе Жокей Триумф растворимый сублимированный 280 г;https://arbuz.kz//ru/almaty/catalog/item/283552-kofe_zhokei_triumf_rastvorimyi_sublimirovannyi_280_g;4566 ₸;https://arbuz.kz//static/platform/frontend/assets/app/image-placeholder.svg
Кофе Жокей Импер растворимый сублимированный арабика в стеклянной банке 95 г;https://arbuz.kz//ru/almaty/catalog/item/283551-kofe_zhokei_imper_rastvorimyi_sublimirovannyi_arabika_v_steklyannoi_banke_95_g;1722 ₸;https://arbuz.kz//static/platform/frontend/assets/app/image-placeholder.svg
Кофе Nescafe Gold Aroma Intenso 290 г;https://arbuz.kz//ru/almaty/catalog/item/281998-kofe_nescafe_gold_aroma_intenso_290_g;4778 ₸;https://arbuz.kz//static/platform/frontend/assets/app/image-placeholder.svg
Кофе Jacobs Asian Selection натуральный растворимый сублимированный 90 г;https://arbuz.kz//ru/almaty/catalog/item/275134-kofe_jacobs_asian_selection_naturalnyi_rastvorimyi_sublimirovannyi_90_g;2571 ₸;https://arbuz.kz//static/platform/frontend/assets/app/image-placeholder.svg
Кофе Jacobs Brazilian Selection натуральный растворимый сублимированный 95 г;https://arbuz.kz//ru/almaty/catalog/item/275133-kofe_jacobs_brazilian_selection_naturalnyi_rastvorimyi_sublimirovannyi_95_g;2571 ₸;https://arbuz.kz//static/platform/frontend/assets/app/image-placeholder.svg
Кофе Carte Noire растворимый 33 г;https://arbuz.kz//ru/almaty/catalog/item/273959-kofe_carte_noire_rastvorimyi_33_g;1459 ₸;https://arbuz.kz//static/platform/frontend/assets/app/image-placeholder.svg
Кофе Jacobs Monarch растворимый 47,5 г;https://arbuz.kz//ru/almaty/catalog/item/273956-kofe_jacobs_monarch_rastvorimyi_47_5_g;"1300 ₸          

              1444 ₸";https://arbuz.kz//static/platform/frontend/assets/app/image-placeholder.svg
Кофе Nescafe Classic растворимый 190 г;https://arbuz.kz//ru/almaty/catalog/item/287666-kofe_nescafe_classic_rastvorimyi_190_g;2444 ₸;https://arbuz.kz//static/platform/frontend/assets/app/image-placeholder.svg
Кофе Nescafe натуральный растворимый сублимированный 320 г;https://arbuz.kz//ru/almaty/catalog/item/267461-kofe_nescafe_naturalnyi_rastvorimyi_sublimirovannyi_320_g;"3321 ₸          

              5444 ₸";https://arbuz.kz//static/platform/frontend/assets/app/image-placeholder.svg
Кофе Nescafe Classic натуральный растворимый порошкообразный 500 г;https://arbuz.kz//ru/almaty/catalog/item/247930-kofe_nescafe_classic_naturalnyi_rastvorimyi_poroshkoobraznyi_500_g;5888 ₸;https://arbuz.kz//static/platform/frontend/assets/app/image-placeholder.svg
Кофе Nescafe Gold натуральный растворимый сублимированный 95 г;https://arbuz.kz//ru/almaty/catalog/item/224062-kofe_nescafe_gold_naturalnyi_rastvorimyi_sublimirovannyi_95_g;2444 ₸;https://arbuz.kz//static/platform/frontend/assets/app/image-placeholder.svg
Кофе Nescafe Classic натуральный растворимый порошкообразный 95 г;https://arbuz.kz//ru/almaty/catalog/item/247213-kofe_nescafe_classic_naturalnyi_rastvorimyi_poroshkoobraznyi_95_g;1666 ₸;https://arbuz.kz//static/platform/frontend/assets/app/image-placeholder.svg
Кофе Nescafe растворимый gold alta rica, 85 г;https://arbuz.kz//ru/almaty/catalog/item/312711-kofe_nescafe_rastvorimyi_gold_alta_rica_85_g;2475 ₸;https://arbuz.kz//static/platform/frontend/assets/app/image-placeholder.svg
Какао Хрутка супер шоколадный, 200 г;https://arbuz.kz//ru/almaty/catalog/item/312712-kakao_hrutka_super_shokoladnyi_200_g;1145 ₸;https://arbuz.kz//static/platform/frontend/assets/app/image-placeholder.svg
Кофе Carte Noire растворимый 1.8 г 26 пакетиков;https://arbuz.kz//ru/almaty/catalog/item/232790-kofe_carte_noire_rastvorimyi_1_8_g_26_paketikov;2207 ₸;https://arbuz.kz//static/platform/frontend/assets/app/image-placeholder.svg
Кофе Carte Noire растворимый 190 г;https://arbuz.kz//ru/almaty/catalog/item/252160-kofe_carte_noire_rastvorimyi_190_g;7682 ₸;https://arbuz.kz//static/platform/frontend/assets/app/image-placeholder.svg
Кофе Carte Noire растворимый сублимированный 1.8 г;https://arbuz.kz//ru/almaty/catalog/item/263478-kofe_carte_noire_rastvorimyi_sublimirovannyi_1_8_g;141 ₸;https://arbuz.kz//static/platform/frontend/assets/app/image-placeholder.svg
Кофе Jacobs Monarch растворимый с ароматной арабикой 1.8 г;https://arbuz.kz//ru/almaty/catalog/item/275876-kofe_jacobs_monarch_rastvorimyi_s_aromatnoi_arabikoi_1_8_g;135 ₸;https://arbuz.kz//static/platform/frontend/assets/app/image-placeholder.svg
Кофе Carte Noire растворимый 30 шт;https://arbuz.kz//ru/almaty/catalog/item/280377-kofe_carte_noire_rastvorimyi_30_sht;3520 ₸;https://arbuz.kz//static/platform/frontend/assets/app/image-placeholder.svg
Кофе Jacobs Barista Americano растворимый 46,8 г 30 шт;https://arbuz.kz//ru/almaty/catalog/item/280380-kofe_jacobs_barista_americano_rastvorimyi_46_8_g_30_sht;2880 ₸;https://arbuz.kz//static/platform/frontend/assets/app/image-placeholder.svg
Кофе Nescafe  Классик с Арабикой 2 г;https://arbuz.kz//ru/almaty/catalog/item/282000-kofe_nescafe_klassik_s_arabikoi_2_g;"43 ₸          

              55 ₸";https://arbuz.kz//static/platform/frontend/assets/app/image-placeholder.svg
Кофе Jacobs Monarch растворимый 1.8 г 30 шт;https://arbuz.kz//ru/almaty/catalog/item/282386-kofe_jacobs_monarch_rastvorimyi_1_8_g_30_sht;"2448 ₸          

              2880 ₸";https://arbuz.kz//static/platform/frontend/assets/app/image-placeholder.svg
Кофе Jacobs Monarch натуральный растворимый сублимированный, 130г;https://arbuz.kz//ru/almaty/catalog/item/310568-kofe_jacobs_monarch_naturalnyi_rastvorimyi_sublimirovannyi_130g;3319 ₸;https://arbuz.kz//static/platform/frontend/assets/app/image-placeholder.svg
Кофе Mozart Kaffee Instant растворимый 100 г;https://arbuz.kz//ru/almaty/catalog/item/293034-kofe_mozart_kaffee_instant_rastvorimyi_100_g;3479 ₸;https://arbuz.kz//static/platform/frontend/assets/app/image-placeholder.svg
Кофе Idee Kaffee Gold Express растворимый 100 г;https://arbuz.kz//ru/almaty/catalog/item/293032-kofe_idee_kaffee_gold_express_rastvorimyi_100_g;"2605 ₸          

              3510 ₸";https://arbuz.kz//static/platform/frontend/assets/app/image-placeholder.svg
Кофе Eilles Kaffee Gourmet растворимый 100 г;https://arbuz.kz//ru/almaty/catalog/item/293031-kofe_eilles_kaffee_gourmet_rastvorimyi_100_g;2799 ₸;https://arbuz.kz//static/platform/frontend/assets/app/image-placeholder.svg
Кофе Egoiste Velvet растворимый 95 г;https://arbuz.kz//ru/almaty/catalog/item/293030-kofe_egoiste_velvet_rastvorimyi_95_g;6045 ₸;https://arbuz.kz//static/platform/frontend/assets/app/image-placeholder.svg
Кофе Egoiste Special растворимый 100 г;https://arbuz.kz//ru/almaty/catalog/item/293029-kofe_egoiste_special_rastvorimyi_100_g;5999 ₸;https://arbuz.kz//static/platform/frontend/assets/app/image-placeholder.svg
Кофе Egoiste Private растворимый 100 г;https://arbuz.kz//ru/almaty/catalog/item/293028-kofe_egoiste_private_rastvorimyi_100_g;6137 ₸;https://arbuz.kz//static/platform/frontend/assets/app/image-placeholder.svg
Кофе Egoiste Platinum растворимый 100 г;https://arbuz.kz//ru/almaty/catalog/item/293027-kofe_egoiste_platinum_rastvorimyi_100_g;5776 ₸;https://arbuz.kz//static/platform/frontend/assets/app/image-placeholder.svg
Кофе Egoiste Noir растворимый 100 г;https://arbuz.kz//ru/almaty/catalog/item/293026-kofe_egoiste_noir_rastvorimyi_100_g;4335 ₸;https://arbuz.kz//static/platform/frontend/assets/app/image-placeholder.svg
Кофе Egoiste Double Espresso растворимый 100 г;https://arbuz.kz//ru/almaty/catalog/item/293025-kofe_egoiste_double_espresso_rastvorimyi_100_g;4104 ₸;https://arbuz.kz//static/platform/frontend/assets/app/image-placeholder.svg
Кофе Bushido Light Katana растворимый 100 г;https://arbuz.kz//ru/almaty/catalog/item/293010-kofe_bushido_light_katana_rastvorimyi_100_g;5999 ₸;https://arbuz.kz//static/platform/frontend/assets/app/image-placeholder.svg
Кофе растворимый Carte Noire Сaramel пакет 120 г;https://arbuz.kz//ru/almaty/catalog/item/289892-kofe_rastvorimyi_carte_noire_saramel_paket_120_g;5615 ₸;https://arbuz.kz//static/platform/frontend/assets/app/image-placeholder.svg
Кофе растворимый Carte Noire Elegant блок 1,8 г  30 шт;https://arbuz.kz//ru/almaty/catalog/item/289891-kofe_rastvorimyi_carte_noire_elegant_blok_1_8_g_30_sht;3520 ₸;https://arbuz.kz//static/platform/frontend/assets/app/image-placeholder.svg
Кофе растворимый Carte Noire Elegant пакет 75 г;https://arbuz.kz//ru/almaty/catalog/item/289890-kofe_rastvorimyi_carte_noire_elegant_paket_75_g_;3379 ₸;https://arbuz.kz//static/platform/frontend/assets/app/image-placeholder.svg
Кофе Nescafe 100% натуральный растворимый порошкообразный 120 г;https://arbuz.kz//ru/almaty/catalog/item/285483-kofe_nescafe_100_naturalnyi_rastvorimyi_poroshkoobraznyi_120_g;2015 ₸;https://arbuz.kz//static/platform/frontend/assets/app/image-placeholder.svg
Кофе Nescafe GOLD Aroma Intenso растворимый сублимированный с добавлением жареного молотого 170 г;https://arbuz.kz//ru/almaty/catalog/item/285482-kofe_nescafe_gold_aroma_intenso_rastvorimyi_sublimirovannyi_s_dobavleniem_zharenogo_molotogo_170_g;3555 ₸;https://arbuz.kz//static/platform/frontend/assets/app/image-placeholder.svg
Кофе Jardin Kenya Kilimanjaro 150 г;https://arbuz.kz//ru/almaty/catalog/item/283559-kofe_jardin_kenya_kilimanjaro_150_g;3432 ₸;https://arbuz.kz//static/platform/frontend/assets/app/image-placeholder.svg
Кофе Жокей растворимый сублимированный 450 г;https://arbuz.kz//ru/almaty/catalog/item/283553-kofe_zhokei_rastvorimyi_sublimirovannyi_450_g;7339 ₸;https://arbuz.kz//static/platform/frontend/assets/app/image-placeholder.svg
Кофе Жокей Триумф растворимый сублимированный 280 г;https://arbuz.kz//ru/almaty/catalog/item/283552-kofe_zhokei_triumf_rastvorimyi_sublimirovannyi_280_g;4566 ₸;https://arbuz.kz//static/platform/frontend/assets/app/image-placeholder.svg
Кофе Жокей Импер растворимый сублимированный арабика в стеклянной банке 95 г;https://arbuz.kz//ru/almaty/catalog/item/283551-kofe_zhokei_imper_rastvorimyi_sublimirovannyi_arabika_v_steklyannoi_banke_95_g;1722 ₸;https://arbuz.kz//static/platform/frontend/assets/app/image-placeholder.svg
Кофе Nescafe Gold Aroma Intenso 290 г;https://arbuz.kz//ru/almaty/catalog/item/281998-kofe_nescafe_gold_aroma_intenso_290_g;4778 ₸;https://arbuz.kz//static/platform/frontend/assets/app/image-placeholder.svg
Кофе Jacobs Asian Selection натуральный растворимый сублимированный 90 г;https://arbuz.kz//ru/almaty/catalog/item/275134-kofe_jacobs_asian_selection_naturalnyi_rastvorimyi_sublimirovannyi_90_g;2571 ₸;https://arbuz.kz//static/platform/frontend/assets/app/image-placeholder.svg
Кофе Jacobs Brazilian Selection натуральный растворимый сублимированный 95 г;https://arbuz.kz//ru/almaty/catalog/item/275133-kofe_jacobs_brazilian_selection_naturalnyi_rastvorimyi_sublimirovannyi_95_g;2571 ₸;https://arbuz.kz//static/platform/frontend/assets/app/image-placeholder.svg
Кофе Carte Noire растворимый 33 г;https://arbuz.kz//ru/almaty/catalog/item/273959-kofe_carte_noire_rastvorimyi_33_g;1459 ₸;https://arbuz.kz//static/platform/frontend/assets/app/image-placeholder.svg
Кофе Jacobs Monarch растворимый 47,5 г;https://arbuz.kz//ru/almaty/catalog/item/273956-kofe_jacobs_monarch_rastvorimyi_47_5_g;"1300 ₸          

              1444 ₸";https://arbuz.kz//static/platform/frontend/assets/app/image-placeholder.svg
Кофе Nescafe Classic растворимый 190 г;https://arbuz.kz//ru/almaty/catalog/item/287666-kofe_nescafe_classic_rastvorimyi_190_g;2444 ₸;https://arbuz.kz//static/platform/frontend/assets/app/image-placeholder.svg
Кофе Nescafe натуральный растворимый сублимированный 320 г;https://arbuz.kz//ru/almaty/catalog/item/267461-kofe_nescafe_naturalnyi_rastvorimyi_sublimirovannyi_320_g;"3321 ₸          

              5444 ₸";https://arbuz.kz//static/platform/frontend/assets/app/image-placeholder.svg
Кофе Nescafe Classic натуральный растворимый порошкообразный 500 г;https://arbuz.kz//ru/almaty/catalog/item/247930-kofe_nescafe_classic_naturalnyi_rastvorimyi_poroshkoobraznyi_500_g;5888 ₸;https://arbuz.kz//static/platform/frontend/assets/app/image-placeholder.svg
Кофе Nescafe Gold натуральный растворимый сублимированный 95 г;https://arbuz.kz//ru/almaty/catalog/item/224062-kofe_nescafe_gold_naturalnyi_rastvorimyi_sublimirovannyi_95_g;2444 ₸;https://arbuz.kz//static/platform/frontend/assets/app/image-placeholder.svg
Кофе Nescafe Classic натуральный растворимый порошкообразный 95 г;https://arbuz.kz//ru/almaty/catalog/item/247213-kofe_nescafe_classic_naturalnyi_rastvorimyi_poroshkoobraznyi_95_g;1666 ₸;https://arbuz.kz//static/platform/frontend/assets/app/image-placeholder.svg
Кофе Nescafe растворимый gold alta rica, 85 г;https://arbuz.kz//ru/almaty/catalog/item/312711-kofe_nescafe_rastvorimyi_gold_alta_rica_85_g;2475 ₸;https://arbuz.kz//static/platform/frontend/assets/app/image-placeholder.svg
Какао Хрутка супер шоколадный, 200 г;https://arbuz.kz//ru/almaty/catalog/item/312712-kakao_hrutka_super_shokoladnyi_200_g;1145 ₸;https://arbuz.kz//static/platform/frontend/assets/app/image-placeholder.svg
Кофе Carte Noire растворимый 1.8 г 26 пакетиков;https://arbuz.kz//ru/almaty/catalog/item/232790-kofe_carte_noire_rastvorimyi_1_8_g_26_paketikov;2207 ₸;https://arbuz.kz//static/platform/frontend/assets/app/image-placeholder.svg
Кофе Carte Noire растворимый 190 г;https://arbuz.kz//ru/almaty/catalog/item/252160-kofe_carte_noire_rastvorimyi_190_g;7682 ₸;https://arbuz.kz//static/platform/frontend/assets/app/image-placeholder.svg
Кофе Carte Noire растворимый сублимированный 1.8 г;https://arbuz.kz//ru/almaty/catalog/item/263478-kofe_carte_noire_rastvorimyi_sublimirovannyi_1_8_g;141 ₸;https://arbuz.kz//static/platform/frontend/assets/app/image-placeholder.svg
Кофе Jacobs Monarch растворимый с ароматной арабикой 1.8 г;https://arbuz.kz//ru/almaty/catalog/item/275876-kofe_jacobs_monarch_rastvorimyi_s_aromatnoi_arabikoi_1_8_g;135 ₸;https://arbuz.kz//static/platform/frontend/assets/app/image-placeholder.svg
Кофе Carte Noire растворимый 30 шт;https://arbuz.kz//ru/almaty/catalog/item/280377-kofe_carte_noire_rastvorimyi_30_sht;3520 ₸;https://arbuz.kz//static/platform/frontend/assets/app/image-placeholder.svg
Кофе Jacobs Barista Americano растворимый 46,8 г 30 шт;https://arbuz.kz//ru/almaty/catalog/item/280380-kofe_jacobs_barista_americano_rastvorimyi_46_8_g_30_sht;2880 ₸;https://arbuz.kz//static/platform/frontend/assets/app/image-placeholder.svg
Кофе Nescafe  Классик с Арабикой 2 г;https://arbuz.kz//ru/almaty/catalog/item/282000-kofe_nescafe_klassik_s_arabikoi_2_g;"43 ₸          

              55 ₸";https://arbuz.kz//static/platform/frontend/assets/app/image-placeholder.svg
Кофе Jacobs Monarch растворимый 1.8 г 30 шт;https://arbuz.kz//ru/almaty/catalog/item/282386-kofe_jacobs_monarch_rastvorimyi_1_8_g_30_sht;"2448 ₸          

              2880 ₸";https://arbuz.kz//static/platform/frontend/assets/app/image-placeholder.svg
Кофе Jacobs Monarch натуральный растворимый сублимированный, 130г;https://arbuz.kz//ru/almaty/catalog/item/310568-kofe_jacobs_monarch_naturalnyi_rastvorimyi_sublimirovannyi_130g;3319 ₸;https://arbuz.kz//static/platform/frontend/assets/app/image-placeholder.svg
Кофе Mozart Kaffee Instant растворимый 100 г;https://arbuz.kz//ru/almaty/catalog/item/293034-kofe_mozart_kaffee_instant_rastvorimyi_100_g;3479 ₸;https://arbuz.kz//static/platform/frontend/assets/app/image-placeholder.svg
Кофе Idee Kaffee Gold Express растворимый 100 г;https://arbuz.kz//ru/almaty/catalog/item/293032-kofe_idee_kaffee_gold_express_rastvorimyi_100_g;"2605 ₸          

              3510 ₸";https://arbuz.kz//static/platform/frontend/assets/app/image-placeholder.svg
Кофе Eilles Kaffee Gourmet растворимый 100 г;https://arbuz.kz//ru/almaty/catalog/item/293031-kofe_eilles_kaffee_gourmet_rastvorimyi_100_g;2799 ₸;https://arbuz.kz//static/platform/frontend/assets/app/image-placeholder.svg
Кофе Egoiste Velvet растворимый 95 г;https://arbuz.kz//ru/almaty/catalog/item/293030-kofe_egoiste_velvet_rastvorimyi_95_g;6045 ₸;https://arbuz.kz//static/platform/frontend/assets/app/image-placeholder.svg
Кофе Egoiste Special растворимый 100 г;https://arbuz.kz//ru/almaty/catalog/item/293029-kofe_egoiste_special_rastvorimyi_100_g;5999 ₸;https://arbuz.kz//static/platform/frontend/assets/app/image-placeholder.svg
Кофе Egoiste Private растворимый 100 г;https://arbuz.kz//ru/almaty/catalog/item/293028-kofe_egoiste_private_rastvorimyi_100_g;6137 ₸;https://arbuz.kz//static/platform/frontend/assets/app/image-placeholder.svg
Кофе Egoiste Platinum растворимый 100 г;https://arbuz.kz//ru/almaty/catalog/item/293027-kofe_egoiste_platinum_rastvorimyi_100_g;5776 ₸;https://arbuz.kz//static/platform/frontend/assets/app/image-placeholder.svg
Кофе Egoiste Noir растворимый 100 г;https://arbuz.kz//ru/almaty/catalog/item/293026-kofe_egoiste_noir_rastvorimyi_100_g;4335 ₸;https://arbuz.kz//static/platform/frontend/assets/app/image-placeholder.svg
Кофе Egoiste Double Espresso растворимый 100 г;https://arbuz.kz//ru/almaty/catalog/item/293025-kofe_egoiste_double_espresso_rastvorimyi_100_g;4104 ₸;https://arbuz.kz//static/platform/frontend/assets/app/image-placeholder.svg
Кофе Bushido Light Katana растворимый 100 г;https://arbuz.kz//ru/almaty/catalog/item/293010-kofe_bushido_light_katana_rastvorimyi_100_g;5999 ₸;https://arbuz.kz//static/platform/frontend/assets/app/image-placeholder.svg
Кофе растворимый Carte Noire Сaramel пакет 120 г;https://arbuz.kz//ru/almaty/catalog/item/289892-kofe_rastvorimyi_carte_noire_saramel_paket_120_g;5615 ₸;https://arbuz.kz//static/platform/frontend/assets/app/image-placeholder.svg
Кофе растворимый Carte Noire Elegant блок 1,8 г  30 шт;https://arbuz.kz//ru/almaty/catalog/item/289891-kofe_rastvorimyi_carte_noire_elegant_blok_1_8_g_30_sht;3520 ₸;https://arbuz.kz//static/platform/frontend/assets/app/image-placeholder.svg
Кофе растворимый Carte Noire Elegant пакет 75 г;https://arbuz.kz//ru/almaty/catalog/item/289890-kofe_rastvorimyi_carte_noire_elegant_paket_75_g_;3379 ₸;https://arbuz.kz//static/platform/frontend/assets/app/image-placeholder.svg
Кофе Nescafe 100% натуральный растворимый порошкообразный 120 г;https://arbuz.kz//ru/almaty/catalog/item/285483-kofe_nescafe_100_naturalnyi_rastvorimyi_poroshkoobraznyi_120_g;2015 ₸;https://arbuz.kz//static/platform/frontend/assets/app/image-placeholder.svg
Кофе Nescafe GOLD Aroma Intenso растворимый сублимированный с добавлением жареного молотого 170 г;https://arbuz.kz//ru/almaty/catalog/item/285482-kofe_nescafe_gold_aroma_intenso_rastvorimyi_sublimirovannyi_s_dobavleniem_zharenogo_molotogo_170_g;3555 ₸;https://arbuz.kz//static/platform/frontend/assets/app/image-placeholder.svg
Кофе Jardin Kenya Kilimanjaro 150 г;https://arbuz.kz//ru/almaty/catalog/item/283559-kofe_jardin_kenya_kilimanjaro_150_g;3432 ₸;https://arbuz.kz//static/platform/frontend/assets/app/image-placeholder.svg
Кофе Жокей растворимый сублимированный 450 г;https://arbuz.kz//ru/almaty/catalog/item/283553-kofe_zhokei_rastvorimyi_sublimirovannyi_450_g;7339 ₸;https://arbuz.kz//static/platform/frontend/assets/app/image-placeholder.svg
Кофе Жокей Триумф растворимый сублимированный 280 г;https://arbuz.kz//ru/almaty/catalog/item/283552-kofe_zhokei_triumf_rastvorimyi_sublimirovannyi_280_g;4566 ₸;https://arbuz.kz//static/platform/frontend/assets/app/image-placeholder.svg
Кофе Жокей Импер растворимый сублимированный арабика в стеклянной банке 95 г;https://arbuz.kz//ru/almaty/catalog/item/283551-kofe_zhokei_imper_rastvorimyi_sublimirovannyi_arabika_v_steklyannoi_banke_95_g;1722 ₸;https://arbuz.kz//static/platform/frontend/assets/app/image-placeholder.svg
Кофе Nescafe Gold Aroma Intenso 290 г;https://arbuz.kz//ru/almaty/catalog/item/281998-kofe_nescafe_gold_aroma_intenso_290_g;4778 ₸;https://arbuz.kz//static/platform/frontend/assets/app/image-placeholder.svg
Кофе Jacobs Asian Selection натуральный растворимый сублимированный 90 г;https://arbuz.kz//ru/almaty/catalog/item/275134-kofe_jacobs_asian_selection_naturalnyi_rastvorimyi_sublimirovannyi_90_g;2571 ₸;https://arbuz.kz//static/platform/frontend/assets/app/image-placeholder.svg
Кофе Jacobs Brazilian Selection натуральный растворимый сублимированный 95 г;https://arbuz.kz//ru/almaty/catalog/item/275133-kofe_jacobs_brazilian_selection_naturalnyi_rastvorimyi_sublimirovannyi_95_g;2571 ₸;https://arbuz.kz//static/platform/frontend/assets/app/image-placeholder.svg
Кофе Carte Noire растворимый 33 г;https://arbuz.kz//ru/almaty/catalog/item/273959-kofe_carte_noire_rastvorimyi_33_g;1459 ₸;https://arbuz.kz//static/platform/frontend/assets/app/image-placeholder.svg
Кофе Jacobs Monarch растворимый 47,5 г;https://arbuz.kz//ru/almaty/catalog/item/273956-kofe_jacobs_monarch_rastvorimyi_47_5_g;"1300 ₸          

              1444 ₸";https://arbuz.kz//static/platform/frontend/assets/app/image-placeholder.svg
Кофе Nescafe Classic растворимый 190 г;https://arbuz.kz//ru/almaty/catalog/item/287666-kofe_nescafe_classic_rastvorimyi_190_g;2444 ₸;https://arbuz.kz//static/platform/frontend/assets/app/image-placeholder.svg
Кофе Nescafe натуральный растворимый сублимированный 320 г;https://arbuz.kz//ru/almaty/catalog/item/267461-kofe_nescafe_naturalnyi_rastvorimyi_sublimirovannyi_320_g;"3321 ₸          

              5444 ₸";https://arbuz.kz//static/platform/frontend/assets/app/image-placeholder.svg
Кофе Nescafe Classic натуральный растворимый порошкообразный 500 г;https://arbuz.kz//ru/almaty/catalog/item/247930-kofe_nescafe_classic_naturalnyi_rastvorimyi_poroshkoobraznyi_500_g;5888 ₸;https://arbuz.kz//static/platform/frontend/assets/app/image-placeholder.svg
Кофе Nescafe Gold натуральный растворимый сублимированный 95 г;https://arbuz.kz//ru/almaty/catalog/item/224062-kofe_nescafe_gold_naturalnyi_rastvorimyi_sublimirovannyi_95_g;2444 ₸;https://arbuz.kz//static/platform/frontend/assets/app/image-placeholder.svg
Кофе Nescafe Classic натуральный растворимый порошкообразный 95 г;https://arbuz.kz//ru/almaty/catalog/item/247213-kofe_nescafe_classic_naturalnyi_rastvorimyi_poroshkoobraznyi_95_g;1666 ₸;https://arbuz.kz//static/platform/frontend/assets/app/image-placeholder.svg
Кофе Nescafe растворимый gold alta rica, 85 г;https://arbuz.kz//ru/almaty/catalog/item/312711-kofe_nescafe_rastvorimyi_gold_alta_rica_85_g;2475 ₸;https://arbuz.kz//static/platform/frontend/assets/app/image-placeholder.svg
Какао Хрутка супер шоколадный, 200 г;https://arbuz.kz//ru/almaty/catalog/item/312712-kakao_hrutka_super_shokoladnyi_200_g;1145 ₸;https://arbuz.kz//static/platform/frontend/assets/app/image-placeholder.svg
Кофе Carte Noire растворимый 1.8 г 26 пакетиков;https://arbuz.kz//ru/almaty/catalog/item/232790-kofe_carte_noire_rastvorimyi_1_8_g_26_paketikov;2207 ₸;https://arbuz.kz//static/platform/frontend/assets/app/image-placeholder.svg
Кофе Carte Noire растворимый 190 г;https://arbuz.kz//ru/almaty/catalog/item/252160-kofe_carte_noire_rastvorimyi_190_g;7682 ₸;https://arbuz.kz//static/platform/frontend/assets/app/image-placeholder.svg
Кофе Carte Noire растворимый сублимированный 1.8 г;https://arbuz.kz//ru/almaty/catalog/item/263478-kofe_carte_noire_rastvorimyi_sublimirovannyi_1_8_g;141 ₸;https://arbuz.kz//static/platform/frontend/assets/app/image-placeholder.svg
Кофе Jacobs Monarch растворимый с ароматной арабикой 1.8 г;https://arbuz.kz//ru/almaty/catalog/item/275876-kofe_jacobs_monarch_rastvorimyi_s_aromatnoi_arabikoi_1_8_g;135 ₸;https://arbuz.kz//static/platform/frontend/assets/app/image-placeholder.svg
Кофе Carte Noire растворимый 30 шт;https://arbuz.kz//ru/almaty/catalog/item/280377-kofe_carte_noire_rastvorimyi_30_sht;3520 ₸;https://arbuz.kz//static/platform/frontend/assets/app/image-placeholder.svg
Кофе Jacobs Barista Americano растворимый 46,8 г 30 шт;https://arbuz.kz//ru/almaty/catalog/item/280380-kofe_jacobs_barista_americano_rastvorimyi_46_8_g_30_sht;2880 ₸;https://arbuz.kz//static/platform/frontend/assets/app/image-placeholder.svg
Кофе Nescafe  Классик с Арабикой 2 г;https://arbuz.kz//ru/almaty/catalog/item/282000-kofe_nescafe_klassik_s_arabikoi_2_g;"43 ₸          

              55 ₸";https://arbuz.kz//static/platform/frontend/assets/app/image-placeholder.svg
Кофе Jacobs Monarch растворимый 1.8 г 30 шт;https://arbuz.kz//ru/almaty/catalog/item/282386-kofe_jacobs_monarch_rastvorimyi_1_8_g_30_sht;"2448 ₸          

              2880 ₸";https://arbuz.kz//static/platform/frontend/assets/app/image-placeholder.svg
Кофе Jacobs Monarch натуральный растворимый сублимированный, 130г;https://arbuz.kz//ru/almaty/catalog/item/310568-kofe_jacobs_monarch_naturalnyi_rastvorimyi_sublimirovannyi_130g;3319 ₸;https://arbuz.kz//static/platform/frontend/assets/app/image-placeholder.svg
Кофе Mozart Kaffee Instant растворимый 100 г;https://arbuz.kz//ru/almaty/catalog/item/293034-kofe_mozart_kaffee_instant_rastvorimyi_100_g;3479 ₸;https://arbuz.kz//static/platform/frontend/assets/app/image-placeholder.svg
Кофе Idee Kaffee Gold Express растворимый 100 г;https://arbuz.kz//ru/almaty/catalog/item/293032-kofe_idee_kaffee_gold_express_rastvorimyi_100_g;"2605 ₸          

              3510 ₸";https://arbuz.kz//static/platform/frontend/assets/app/image-placeholder.svg
Кофе Eilles Kaffee Gourmet растворимый 100 г;https://arbuz.kz//ru/almaty/catalog/item/293031-kofe_eilles_kaffee_gourmet_rastvorimyi_100_g;2799 ₸;https://arbuz.kz//static/platform/frontend/assets/app/image-placeholder.svg
Кофе Egoiste Velvet растворимый 95 г;https://arbuz.kz//ru/almaty/catalog/item/293030-kofe_egoiste_velvet_rastvorimyi_95_g;6045 ₸;https://arbuz.kz//static/platform/frontend/assets/app/image-placeholder.svg
Кофе Egoiste Special растворимый 100 г;https://arbuz.kz//ru/almaty/catalog/item/293029-kofe_egoiste_special_rastvorimyi_100_g;5999 ₸;https://arbuz.kz//static/platform/frontend/assets/app/image-placeholder.svg
Кофе Egoiste Private растворимый 100 г;https://arbuz.kz//ru/almaty/catalog/item/293028-kofe_egoiste_private_rastvorimyi_100_g;6137 ₸;https://arbuz.kz//static/platform/frontend/assets/app/image-placeholder.svg
Кофе Egoiste Platinum растворимый 100 г;https://arbuz.kz//ru/almaty/catalog/item/293027-kofe_egoiste_platinum_rastvorimyi_100_g;5776 ₸;https://arbuz.kz//static/platform/frontend/assets/app/image-placeholder.svg
Кофе Egoiste Noir растворимый 100 г;https://arbuz.kz//ru/almaty/catalog/item/293026-kofe_egoiste_noir_rastvorimyi_100_g;4335 ₸;https://arbuz.kz//static/platform/frontend/assets/app/image-placeholder.svg
Кофе Egoiste Double Espresso растворимый 100 г;https://arbuz.kz//ru/almaty/catalog/item/293025-kofe_egoiste_double_espresso_rastvorimyi_100_g;4104 ₸;https://arbuz.kz//static/platform/frontend/assets/app/image-placeholder.svg
Кофе Bushido Light Katana растворимый 100 г;https://arbuz.kz//ru/almaty/catalog/item/293010-kofe_bushido_light_katana_rastvorimyi_100_g;5999 ₸;https://arbuz.kz//static/platform/frontend/assets/app/image-placeholder.svg
Кофе растворимый Carte Noire Сaramel пакет 120 г;https://arbuz.kz//ru/almaty/catalog/item/289892-kofe_rastvorimyi_carte_noire_saramel_paket_120_g;5615 ₸;https://arbuz.kz//static/platform/frontend/assets/app/image-placeholder.svg
Кофе растворимый Carte Noire Elegant блок 1,8 г  30 шт;https://arbuz.kz//ru/almaty/catalog/item/289891-kofe_rastvorimyi_carte_noire_elegant_blok_1_8_g_30_sht;3520 ₸;https://arbuz.kz//static/platform/frontend/assets/app/image-placeholder.svg
Кофе растворимый Carte Noire Elegant пакет 75 г;https://arbuz.kz//ru/almaty/catalog/item/289890-kofe_rastvorimyi_carte_noire_elegant_paket_75_g_;3379 ₸;https://arbuz.kz//static/platform/frontend/assets/app/image-placeholder.svg
Кофе Nescafe 100% натуральный растворимый порошкообразный 120 г;https://arbuz.kz//ru/almaty/catalog/item/285483-kofe_nescafe_100_naturalnyi_rastvorimyi_poroshkoobraznyi_120_g;2015 ₸;https://arbuz.kz//static/platform/frontend/assets/app/image-placeholder.svg
Кофе Nescafe GOLD Aroma Intenso растворимый сублимированный с добавлением жареного молотого 170 г;https://arbuz.kz//ru/almaty/catalog/item/285482-kofe_nescafe_gold_aroma_intenso_rastvorimyi_sublimirovannyi_s_dobavleniem_zharenogo_molotogo_170_g;3555 ₸;https://arbuz.kz//static/platform/frontend/assets/app/image-placeholder.svg
Кофе Jardin Kenya Kilimanjaro 150 г;https://arbuz.kz//ru/almaty/catalog/item/283559-kofe_jardin_kenya_kilimanjaro_150_g;3432 ₸;https://arbuz.kz//static/platform/frontend/assets/app/image-placeholder.svg
Кофе Жокей растворимый сублимированный 450 г;https://arbuz.kz//ru/almaty/catalog/item/283553-kofe_zhokei_rastvorimyi_sublimirovannyi_450_g;7339 ₸;https://arbuz.kz//static/platform/frontend/assets/app/image-placeholder.svg
Кофе Жокей Триумф растворимый сублимированный 280 г;https://arbuz.kz//ru/almaty/catalog/item/283552-kofe_zhokei_triumf_rastvorimyi_sublimirovannyi_280_g;4566 ₸;https://arbuz.kz//static/platform/frontend/assets/app/image-placeholder.svg
Кофе Жокей Импер растворимый сублимированный арабика в стеклянной банке 95 г;https://arbuz.kz//ru/almaty/catalog/item/283551-kofe_zhokei_imper_rastvorimyi_sublimirovannyi_arabika_v_steklyannoi_banke_95_g;1722 ₸;https://arbuz.kz//static/platform/frontend/assets/app/image-placeholder.svg
Кофе Nescafe Gold Aroma Intenso 290 г;https://arbuz.kz//ru/almaty/catalog/item/281998-kofe_nescafe_gold_aroma_intenso_290_g;4778 ₸;https://arbuz.kz//static/platform/frontend/assets/app/image-placeholder.svg
Кофе Jacobs Asian Selection натуральный растворимый сублимированный 90 г;https://arbuz.kz//ru/almaty/catalog/item/275134-kofe_jacobs_asian_selection_naturalnyi_rastvorimyi_sublimirovannyi_90_g;2571 ₸;https://arbuz.kz//static/platform/frontend/assets/app/image-placeholder.svg
Кофе Jacobs Brazilian Selection натуральный растворимый сублимированный 95 г;https://arbuz.kz//ru/almaty/catalog/item/275133-kofe_jacobs_brazilian_selection_naturalnyi_rastvorimyi_sublimirovannyi_95_g;2571 ₸;https://arbuz.kz//static/platform/frontend/assets/app/image-placeholder.svg
Кофе Carte Noire растворимый 33 г;https://arbuz.kz//ru/almaty/catalog/item/273959-kofe_carte_noire_rastvorimyi_33_g;1459 ₸;https://arbuz.kz//static/platform/frontend/assets/app/image-placeholder.svg
Кофе Jacobs Monarch растворимый 47,5 г;https://arbuz.kz//ru/almaty/catalog/item/273956-kofe_jacobs_monarch_rastvorimyi_47_5_g;"1300 ₸          

              1444 ₸";https://arbuz.kz//static/platform/frontend/assets/app/image-placeholder.svg
Кофе Nescafe Classic растворимый 190 г;https://arbuz.kz//ru/almaty/catalog/item/287666-kofe_nescafe_classic_rastvorimyi_190_g;2444 ₸;https://arbuz.kz//static/platform/frontend/assets/app/image-placeholder.svg
Кофе Nescafe натуральный растворимый сублимированный 320 г;https://arbuz.kz//ru/almaty/catalog/item/267461-kofe_nescafe_naturalnyi_rastvorimyi_sublimirovannyi_320_g;"3321 ₸          

              5444 ₸";https://arbuz.kz//static/platform/frontend/assets/app/image-placeholder.svg
Кофе Nescafe Classic натуральный растворимый порошкообразный 500 г;https://arbuz.kz//ru/almaty/catalog/item/247930-kofe_nescafe_classic_naturalnyi_rastvorimyi_poroshkoobraznyi_500_g;5888 ₸;https://arbuz.kz//static/platform/frontend/assets/app/image-placeholder.svg
Кофе Nescafe Gold натуральный растворимый сублимированный 95 г;https://arbuz.kz//ru/almaty/catalog/item/224062-kofe_nescafe_gold_naturalnyi_rastvorimyi_sublimirovannyi_95_g;2444 ₸;https://arbuz.kz//static/platform/frontend/assets/app/image-placeholder.svg
Кофе Nescafe Classic натуральный растворимый порошкообразный 95 г;https://arbuz.kz//ru/almaty/catalog/item/247213-kofe_nescafe_classic_naturalnyi_rastvorimyi_poroshkoobraznyi_95_g;1666 ₸;https://arbuz.kz//static/platform/frontend/assets/app/image-placeholder.svg
Кофе Nescafe растворимый gold alta rica, 85 г;https://arbuz.kz//ru/almaty/catalog/item/312711-kofe_nescafe_rastvorimyi_gold_alta_rica_85_g;2475 ₸;https://arbuz.kz//static/platform/frontend/assets/app/image-placeholder.svg
Какао Хрутка супер шоколадный, 200 г;https://arbuz.kz//ru/almaty/catalog/item/312712-kakao_hrutka_super_shokoladnyi_200_g;1145 ₸;https://arbuz.kz//static/platform/frontend/assets/app/image-placeholder.svg
Кофе Carte Noire растворимый 1.8 г 26 пакетиков;https://arbuz.kz//ru/almaty/catalog/item/232790-kofe_carte_noire_rastvorimyi_1_8_g_26_paketikov;2207 ₸;https://arbuz.kz//static/platform/frontend/assets/app/image-placeholder.svg
Кофе Carte Noire растворимый 190 г;https://arbuz.kz//ru/almaty/catalog/item/252160-kofe_carte_noire_rastvorimyi_190_g;7682 ₸;https://arbuz.kz//static/platform/frontend/assets/app/image-placeholder.svg
Кофе Carte Noire растворимый сублимированный 1.8 г;https://arbuz.kz//ru/almaty/catalog/item/263478-kofe_carte_noire_rastvorimyi_sublimirovannyi_1_8_g;141 ₸;https://arbuz.kz//static/platform/frontend/assets/app/image-placeholder.svg
Кофе Jacobs Monarch растворимый с ароматной арабикой 1.8 г;https://arbuz.kz//ru/almaty/catalog/item/275876-kofe_jacobs_monarch_rastvorimyi_s_aromatnoi_arabikoi_1_8_g;135 ₸;https://arbuz.kz//static/platform/frontend/assets/app/image-placeholder.svg
Кофе Carte Noire растворимый 30 шт;https://arbuz.kz//ru/almaty/catalog/item/280377-kofe_carte_noire_rastvorimyi_30_sht;3520 ₸;https://arbuz.kz//static/platform/frontend/assets/app/image-placeholder.svg
Кофе Jacobs Barista Americano растворимый 46,8 г 30 шт;https://arbuz.kz//ru/almaty/catalog/item/280380-kofe_jacobs_barista_americano_rastvorimyi_46_8_g_30_sht;2880 ₸;https://arbuz.kz//static/platform/frontend/assets/app/image-placeholder.svg
Кофе Nescafe  Классик с Арабикой 2 г;https://arbuz.kz//ru/almaty/catalog/item/282000-kofe_nescafe_klassik_s_arabikoi_2_g;"43 ₸          

              55 ₸";https://arbuz.kz//static/platform/frontend/assets/app/image-placeholder.svg
Кофе Jacobs Monarch растворимый 1.8 г 30 шт;https://arbuz.kz//ru/almaty/catalog/item/282386-kofe_jacobs_monarch_rastvorimyi_1_8_g_30_sht;"2448 ₸          

              2880 ₸";https://arbuz.kz//static/platform/frontend/assets/app/image-placeholder.svg
Кофе Jacobs Monarch натуральный растворимый сублимированный, 130г;https://arbuz.kz//ru/almaty/catalog/item/310568-kofe_jacobs_monarch_naturalnyi_rastvorimyi_sublimirovannyi_130g;3319 ₸;https://arbuz.kz//static/platform/frontend/assets/app/image-placeholder.svg
Кофе Mozart Kaffee Instant растворимый 100 г;https://arbuz.kz//ru/almaty/catalog/item/293034-kofe_mozart_kaffee_instant_rastvorimyi_100_g;3479 ₸;https://arbuz.kz//static/platform/frontend/assets/app/image-placeholder.svg
Кофе Idee Kaffee Gold Express растворимый 100 г;https://arbuz.kz//ru/almaty/catalog/item/293032-kofe_idee_kaffee_gold_express_rastvorimyi_100_g;"2605 ₸          

              3510 ₸";https://arbuz.kz//static/platform/frontend/assets/app/image-placeholder.svg
Кофе Eilles Kaffee Gourmet растворимый 100 г;https://arbuz.kz//ru/almaty/catalog/item/293031-kofe_eilles_kaffee_gourmet_rastvorimyi_100_g;2799 ₸;https://arbuz.kz//static/platform/frontend/assets/app/image-placeholder.svg
Кофе Egoiste Velvet растворимый 95 г;https://arbuz.kz//ru/almaty/catalog/item/293030-kofe_egoiste_velvet_rastvorimyi_95_g;6045 ₸;https://arbuz.kz//static/platform/frontend/assets/app/image-placeholder.svg
Кофе Egoiste Special растворимый 100 г;https://arbuz.kz//ru/almaty/catalog/item/293029-kofe_egoiste_special_rastvorimyi_100_g;5999 ₸;https://arbuz.kz//static/platform/frontend/assets/app/image-placeholder.svg
Кофе Egoiste Private растворимый 100 г;https://arbuz.kz//ru/almaty/catalog/item/293028-kofe_egoiste_private_rastvorimyi_100_g;6137 ₸;https://arbuz.kz//static/platform/frontend/assets/app/image-placeholder.svg
Кофе Egoiste Platinum растворимый 100 г;https://arbuz.kz//ru/almaty/catalog/item/293027-kofe_egoiste_platinum_rastvorimyi_100_g;5776 ₸;https://arbuz.kz//static/platform/frontend/assets/app/image-placeholder.svg
Кофе Egoiste Noir растворимый 100 г;https://arbuz.kz//ru/almaty/catalog/item/293026-kofe_egoiste_noir_rastvorimyi_100_g;4335 ₸;https://arbuz.kz//static/platform/frontend/assets/app/image-placeholder.svg
Кофе Egoiste Double Espresso растворимый 100 г;https://arbuz.kz//ru/almaty/catalog/item/293025-kofe_egoiste_double_espresso_rastvorimyi_100_g;4104 ₸;https://arbuz.kz//static/platform/frontend/assets/app/image-placeholder.svg
Кофе Bushido Light Katana растворимый 100 г;https://arbuz.kz//ru/almaty/catalog/item/293010-kofe_bushido_light_katana_rastvorimyi_100_g;5999 ₸;https://arbuz.kz//static/platform/frontend/assets/app/image-placeholder.svg
Кофе растворимый Carte Noire Сaramel пакет 120 г;https://arbuz.kz//ru/almaty/catalog/item/289892-kofe_rastvorimyi_carte_noire_saramel_paket_120_g;5615 ₸;https://arbuz.kz//static/platform/frontend/assets/app/image-placeholder.svg
Кофе растворимый Carte Noire Elegant блок 1,8 г  30 шт;https://arbuz.kz//ru/almaty/catalog/item/289891-kofe_rastvorimyi_carte_noire_elegant_blok_1_8_g_30_sht;3520 ₸;https://arbuz.kz//static/platform/frontend/assets/app/image-placeholder.svg
Кофе растворимый Carte Noire Elegant пакет 75 г;https://arbuz.kz//ru/almaty/catalog/item/289890-kofe_rastvorimyi_carte_noire_elegant_paket_75_g_;3379 ₸;https://arbuz.kz//static/platform/frontend/assets/app/image-placeholder.svg
Кофе Nescafe 100% натуральный растворимый порошкообразный 120 г;https://arbuz.kz//ru/almaty/catalog/item/285483-kofe_nescafe_100_naturalnyi_rastvorimyi_poroshkoobraznyi_120_g;2015 ₸;https://arbuz.kz//static/platform/frontend/assets/app/image-placeholder.svg
Кофе Nescafe GOLD Aroma Intenso растворимый сублимированный с добавлением жареного молотого 170 г;https://arbuz.kz//ru/almaty/catalog/item/285482-kofe_nescafe_gold_aroma_intenso_rastvorimyi_sublimirovannyi_s_dobavleniem_zharenogo_molotogo_170_g;3555 ₸;https://arbuz.kz//static/platform/frontend/assets/app/image-placeholder.svg
Кофе Jardin Kenya Kilimanjaro 150 г;https://arbuz.kz//ru/almaty/catalog/item/283559-kofe_jardin_kenya_kilimanjaro_150_g;3432 ₸;https://arbuz.kz//static/platform/frontend/assets/app/image-placeholder.svg
Кофе Жокей растворимый сублимированный 450 г;https://arbuz.kz//ru/almaty/catalog/item/283553-kofe_zhokei_rastvorimyi_sublimirovannyi_450_g;7339 ₸;https://arbuz.kz//static/platform/frontend/assets/app/image-placeholder.svg
Кофе Жокей Триумф растворимый сублимированный 280 г;https://arbuz.kz//ru/almaty/catalog/item/283552-kofe_zhokei_triumf_rastvorimyi_sublimirovannyi_280_g;4566 ₸;https://arbuz.kz//static/platform/frontend/assets/app/image-placeholder.svg
Кофе Жокей Импер растворимый сублимированный арабика в стеклянной банке 95 г;https://arbuz.kz//ru/almaty/catalog/item/283551-kofe_zhokei_imper_rastvorimyi_sublimirovannyi_arabika_v_steklyannoi_banke_95_g;1722 ₸;https://arbuz.kz//static/platform/frontend/assets/app/image-placeholder.svg
Кофе Nescafe Gold Aroma Intenso 290 г;https://arbuz.kz//ru/almaty/catalog/item/281998-kofe_nescafe_gold_aroma_intenso_290_g;4778 ₸;https://arbuz.kz//static/platform/frontend/assets/app/image-placeholder.svg
Кофе Jacobs Asian Selection натуральный растворимый сублимированный 90 г;https://arbuz.kz//ru/almaty/catalog/item/275134-kofe_jacobs_asian_selection_naturalnyi_rastvorimyi_sublimirovannyi_90_g;2571 ₸;https://arbuz.kz//static/platform/frontend/assets/app/image-placeholder.svg
Кофе Jacobs Brazilian Selection натуральный растворимый сублимированный 95 г;https://arbuz.kz//ru/almaty/catalog/item/275133-kofe_jacobs_brazilian_selection_naturalnyi_rastvorimyi_sublimirovannyi_95_g;2571 ₸;https://arbuz.kz//static/platform/frontend/assets/app/image-placeholder.svg
Кофе Carte Noire растворимый 33 г;https://arbuz.kz//ru/almaty/catalog/item/273959-kofe_carte_noire_rastvorimyi_33_g;1459 ₸;https://arbuz.kz//static/platform/frontend/assets/app/image-placeholder.svg
Кофе Jacobs Monarch растворимый 47,5 г;https://arbuz.kz//ru/almaty/catalog/item/273956-kofe_jacobs_monarch_rastvorimyi_47_5_g;"1300 ₸          

              1444 ₸";https://arbuz.kz//static/platform/frontend/assets/app/image-placeholder.svg
Кофе Nescafe Classic растворимый 190 г;https://arbuz.kz//ru/almaty/catalog/item/287666-kofe_nescafe_classic_rastvorimyi_190_g;2444 ₸;https://arbuz.kz//static/platform/frontend/assets/app/image-placeholder.svg
Кофе Nescafe натуральный растворимый сублимированный 320 г;https://arbuz.kz//ru/almaty/catalog/item/267461-kofe_nescafe_naturalnyi_rastvorimyi_sublimirovannyi_320_g;"3321 ₸          

              5444 ₸";https://arbuz.kz//static/platform/frontend/assets/app/image-placeholder.svg
Кофе Nescafe Classic натуральный растворимый порошкообразный 500 г;https://arbuz.kz//ru/almaty/catalog/item/247930-kofe_nescafe_classic_naturalnyi_rastvorimyi_poroshkoobraznyi_500_g;5888 ₸;https://arbuz.kz//static/platform/frontend/assets/app/image-placeholder.svg
Кофе Nescafe Gold натуральный растворимый сублимированный 95 г;https://arbuz.kz//ru/almaty/catalog/item/224062-kofe_nescafe_gold_naturalnyi_rastvorimyi_sublimirovannyi_95_g;2444 ₸;https://arbuz.kz//static/platform/frontend/assets/app/image-placeholder.svg
Кофе Nescafe Classic натуральный растворимый порошкообразный 95 г;https://arbuz.kz//ru/almaty/catalog/item/247213-kofe_nescafe_classic_naturalnyi_rastvorimyi_poroshkoobraznyi_95_g;1666 ₸;https://arbuz.kz//static/platform/frontend/assets/app/image-placeholder.svg
Кофе Nescafe растворимый gold alta rica, 85 г;https://arbuz.kz//ru/almaty/catalog/item/312711-kofe_nescafe_rastvorimyi_gold_alta_rica_85_g;2475 ₸;https://arbuz.kz//static/platform/frontend/assets/app/image-placeholder.svg
Какао Хрутка супер шоколадный, 200 г;https://arbuz.kz//ru/almaty/catalog/item/312712-kakao_hrutka_super_shokoladnyi_200_g;1145 ₸;https://arbuz.kz//static/platform/frontend/assets/app/image-placeholder.svg
Кофе Carte Noire растворимый 1.8 г 26 пакетиков;https://arbuz.kz//ru/almaty/catalog/item/232790-kofe_carte_noire_rastvorimyi_1_8_g_26_paketikov;2207 ₸;https://arbuz.kz//static/platform/frontend/assets/app/image-placeholder.svg
Кофе Carte Noire растворимый 190 г;https://arbuz.kz//ru/almaty/catalog/item/252160-kofe_carte_noire_rastvorimyi_190_g;7682 ₸;https://arbuz.kz//static/platform/frontend/assets/app/image-placeholder.svg
Кофе Carte Noire растворимый сублимированный 1.8 г;https://arbuz.kz//ru/almaty/catalog/item/263478-kofe_carte_noire_rastvorimyi_sublimirovannyi_1_8_g;141 ₸;https://arbuz.kz//static/platform/frontend/assets/app/image-placeholder.svg
Кофе Jacobs Monarch растворимый с ароматной арабикой 1.8 г;https://arbuz.kz//ru/almaty/catalog/item/275876-kofe_jacobs_monarch_rastvorimyi_s_aromatnoi_arabikoi_1_8_g;135 ₸;https://arbuz.kz//static/platform/frontend/assets/app/image-placeholder.svg
Кофе Carte Noire растворимый 30 шт;https://arbuz.kz//ru/almaty/catalog/item/280377-kofe_carte_noire_rastvorimyi_30_sht;3520 ₸;https://arbuz.kz//static/platform/frontend/assets/app/image-placeholder.svg
Кофе Jacobs Barista Americano растворимый 46,8 г 30 шт;https://arbuz.kz//ru/almaty/catalog/item/280380-kofe_jacobs_barista_americano_rastvorimyi_46_8_g_30_sht;2880 ₸;https://arbuz.kz//static/platform/frontend/assets/app/image-placeholder.svg
Кофе Nescafe  Классик с Арабикой 2 г;https://arbuz.kz//ru/almaty/catalog/item/282000-kofe_nescafe_klassik_s_arabikoi_2_g;"43 ₸          

              55 ₸";https://arbuz.kz//static/platform/frontend/assets/app/image-placeholder.svg
Кофе Jacobs Monarch растворимый 1.8 г 30 шт;https://arbuz.kz//ru/almaty/catalog/item/282386-kofe_jacobs_monarch_rastvorimyi_1_8_g_30_sht;"2448 ₸          

              2880 ₸";https://arbuz.kz//static/platform/frontend/assets/app/image-placeholder.svg
Кофе Jacobs Monarch натуральный растворимый сублимированный, 130г;https://arbuz.kz//ru/almaty/catalog/item/310568-kofe_jacobs_monarch_naturalnyi_rastvorimyi_sublimirovannyi_130g;3319 ₸;https://arbuz.kz//static/platform/frontend/assets/app/image-placeholder.svg
Кофе Mozart Kaffee Instant растворимый 100 г;https://arbuz.kz//ru/almaty/catalog/item/293034-kofe_mozart_kaffee_instant_rastvorimyi_100_g;3479 ₸;https://arbuz.kz//static/platform/frontend/assets/app/image-placeholder.svg
Кофе Idee Kaffee Gold Express растворимый 100 г;https://arbuz.kz//ru/almaty/catalog/item/293032-kofe_idee_kaffee_gold_express_rastvorimyi_100_g;"2605 ₸          

              3510 ₸";https://arbuz.kz//static/platform/frontend/assets/app/image-placeholder.svg
Кофе Eilles Kaffee Gourmet растворимый 100 г;https://arbuz.kz//ru/almaty/catalog/item/293031-kofe_eilles_kaffee_gourmet_rastvorimyi_100_g;2799 ₸;https://arbuz.kz//static/platform/frontend/assets/app/image-placeholder.svg
Кофе Egoiste Velvet растворимый 95 г;https://arbuz.kz//ru/almaty/catalog/item/293030-kofe_egoiste_velvet_rastvorimyi_95_g;6045 ₸;https://arbuz.kz//static/platform/frontend/assets/app/image-placeholder.svg
Кофе Egoiste Special растворимый 100 г;https://arbuz.kz//ru/almaty/catalog/item/293029-kofe_egoiste_special_rastvorimyi_100_g;5999 ₸;https://arbuz.kz//static/platform/frontend/assets/app/image-placeholder.svg
Кофе Egoiste Private растворимый 100 г;https://arbuz.kz//ru/almaty/catalog/item/293028-kofe_egoiste_private_rastvorimyi_100_g;6137 ₸;https://arbuz.kz//static/platform/frontend/assets/app/image-placeholder.svg
Кофе Egoiste Platinum растворимый 100 г;https://arbuz.kz//ru/almaty/catalog/item/293027-kofe_egoiste_platinum_rastvorimyi_100_g;5776 ₸;https://arbuz.kz//static/platform/frontend/assets/app/image-placeholder.svg
Кофе Egoiste Noir растворимый 100 г;https://arbuz.kz//ru/almaty/catalog/item/293026-kofe_egoiste_noir_rastvorimyi_100_g;4335 ₸;https://arbuz.kz//static/platform/frontend/assets/app/image-placeholder.svg
Кофе Egoiste Double Espresso растворимый 100 г;https://arbuz.kz//ru/almaty/catalog/item/293025-kofe_egoiste_double_espresso_rastvorimyi_100_g;4104 ₸;https://arbuz.kz//static/platform/frontend/assets/app/image-placeholder.svg
Кофе Bushido Light Katana растворимый 100 г;https://arbuz.kz//ru/almaty/catalog/item/293010-kofe_bushido_light_katana_rastvorimyi_100_g;5999 ₸;https://arbuz.kz//static/platform/frontend/assets/app/image-placeholder.svg
Кофе растворимый Carte Noire Сaramel пакет 120 г;https://arbuz.kz//ru/almaty/catalog/item/289892-kofe_rastvorimyi_carte_noire_saramel_paket_120_g;5615 ₸;https://arbuz.kz//static/platform/frontend/assets/app/image-placeholder.svg
Кофе растворимый Carte Noire Elegant блок 1,8 г  30 шт;https://arbuz.kz//ru/almaty/catalog/item/289891-kofe_rastvorimyi_carte_noire_elegant_blok_1_8_g_30_sht;3520 ₸;https://arbuz.kz//static/platform/frontend/assets/app/image-placeholder.svg
Кофе растворимый Carte Noire Elegant пакет 75 г;https://arbuz.kz//ru/almaty/catalog/item/289890-kofe_rastvorimyi_carte_noire_elegant_paket_75_g_;3379 ₸;https://arbuz.kz//static/platform/frontend/assets/app/image-placeholder.svg
Кофе Nescafe 100% натуральный растворимый порошкообразный 120 г;https://arbuz.kz//ru/almaty/catalog/item/285483-kofe_nescafe_100_naturalnyi_rastvorimyi_poroshkoobraznyi_120_g;2015 ₸;https://arbuz.kz//static/platform/frontend/assets/app/image-placeholder.svg
Кофе Nescafe GOLD Aroma Intenso растворимый сублимированный с добавлением жареного молотого 170 г;https://arbuz.kz//ru/almaty/catalog/item/285482-kofe_nescafe_gold_aroma_intenso_rastvorimyi_sublimirovannyi_s_dobavleniem_zharenogo_molotogo_170_g;3555 ₸;https://arbuz.kz//static/platform/frontend/assets/app/image-placeholder.svg
Кофе Jardin Kenya Kilimanjaro 150 г;https://arbuz.kz//ru/almaty/catalog/item/283559-kofe_jardin_kenya_kilimanjaro_150_g;3432 ₸;https://arbuz.kz//static/platform/frontend/assets/app/image-placeholder.svg
Кофе Жокей растворимый сублимированный 450 г;https://arbuz.kz//ru/almaty/catalog/item/283553-kofe_zhokei_rastvorimyi_sublimirovannyi_450_g;7339 ₸;https://arbuz.kz//static/platform/frontend/assets/app/image-placeholder.svg
Кофе Жокей Триумф растворимый сублимированный 280 г;https://arbuz.kz//ru/almaty/catalog/item/283552-kofe_zhokei_triumf_rastvorimyi_sublimirovannyi_280_g;4566 ₸;https://arbuz.kz//static/platform/frontend/assets/app/image-placeholder.svg
Кофе Жокей Импер растворимый сублимированный арабика в стеклянной банке 95 г;https://arbuz.kz//ru/almaty/catalog/item/283551-kofe_zhokei_imper_rastvorimyi_sublimirovannyi_arabika_v_steklyannoi_banke_95_g;1722 ₸;https://arbuz.kz//static/platform/frontend/assets/app/image-placeholder.svg
Кофе Nescafe Gold Aroma Intenso 290 г;https://arbuz.kz//ru/almaty/catalog/item/281998-kofe_nescafe_gold_aroma_intenso_290_g;4778 ₸;https://arbuz.kz//static/platform/frontend/assets/app/image-placeholder.svg
Кофе Jacobs Asian Selection натуральный растворимый сублимированный 90 г;https://arbuz.kz//ru/almaty/catalog/item/275134-kofe_jacobs_asian_selection_naturalnyi_rastvorimyi_sublimirovannyi_90_g;2571 ₸;https://arbuz.kz//static/platform/frontend/assets/app/image-placeholder.svg
Кофе Jacobs Brazilian Selection натуральный растворимый сублимированный 95 г;https://arbuz.kz//ru/almaty/catalog/item/275133-kofe_jacobs_brazilian_selection_naturalnyi_rastvorimyi_sublimirovannyi_95_g;2571 ₸;https://arbuz.kz//static/platform/frontend/assets/app/image-placeholder.svg
Кофе Carte Noire растворимый 33 г;https://arbuz.kz//ru/almaty/catalog/item/273959-kofe_carte_noire_rastvorimyi_33_g;1459 ₸;https://arbuz.kz//static/platform/frontend/assets/app/image-placeholder.svg
Кофе Jacobs Monarch растворимый 47,5 г;https://arbuz.kz//ru/almaty/catalog/item/273956-kofe_jacobs_monarch_rastvorimyi_47_5_g;"1300 ₸          

              1444 ₸";https://arbuz.kz//static/platform/frontend/assets/app/image-placeholder.svg
Кофе Nescafe Classic растворимый 190 г;https://arbuz.kz//ru/almaty/catalog/item/287666-kofe_nescafe_classic_rastvorimyi_190_g;2444 ₸;https://arbuz.kz//static/platform/frontend/assets/app/image-placeholder.svg
Кофе Nescafe натуральный растворимый сублимированный 320 г;https://arbuz.kz//ru/almaty/catalog/item/267461-kofe_nescafe_naturalnyi_rastvorimyi_sublimirovannyi_320_g;"3321 ₸          

              5444 ₸";https://arbuz.kz//static/platform/frontend/assets/app/image-placeholder.svg
Кофе Nescafe Classic натуральный растворимый порошкообразный 500 г;https://arbuz.kz//ru/almaty/catalog/item/247930-kofe_nescafe_classic_naturalnyi_rastvorimyi_poroshkoobraznyi_500_g;5888 ₸;https://arbuz.kz//static/platform/frontend/assets/app/image-placeholder.svg
Кофе Nescafe Gold натуральный растворимый сублимированный 95 г;https://arbuz.kz//ru/almaty/catalog/item/224062-kofe_nescafe_gold_naturalnyi_rastvorimyi_sublimirovannyi_95_g;2444 ₸;https://arbuz.kz//static/platform/frontend/assets/app/image-placeholder.svg
Кофе Nescafe Classic натуральный растворимый порошкообразный 95 г;https://arbuz.kz//ru/almaty/catalog/item/247213-kofe_nescafe_classic_naturalnyi_rastvorimyi_poroshkoobraznyi_95_g;1666 ₸;https://arbuz.kz//static/platform/frontend/assets/app/image-placeholder.svg
Кофе Nescafe растворимый gold alta rica, 85 г;https://arbuz.kz//ru/almaty/catalog/item/312711-kofe_nescafe_rastvorimyi_gold_alta_rica_85_g;2475 ₸;https://arbuz.kz//static/platform/frontend/assets/app/image-placeholder.svg
Какао Хрутка супер шоколадный, 200 г;https://arbuz.kz//ru/almaty/catalog/item/312712-kakao_hrutka_super_shokoladnyi_200_g;1145 ₸;https://arbuz.kz//static/platform/frontend/assets/app/image-placeholder.svg
Кофе Carte Noire растворимый 1.8 г 26 пакетиков;https://arbuz.kz//ru/almaty/catalog/item/232790-kofe_carte_noire_rastvorimyi_1_8_g_26_paketikov;2207 ₸;https://arbuz.kz//static/platform/frontend/assets/app/image-placeholder.svg
Кофе Carte Noire растворимый 190 г;https://arbuz.kz//ru/almaty/catalog/item/252160-kofe_carte_noire_rastvorimyi_190_g;7682 ₸;https://arbuz.kz//static/platform/frontend/assets/app/image-placeholder.svg
Кофе Carte Noire растворимый сублимированный 1.8 г;https://arbuz.kz//ru/almaty/catalog/item/263478-kofe_carte_noire_rastvorimyi_sublimirovannyi_1_8_g;141 ₸;https://arbuz.kz//static/platform/frontend/assets/app/image-placeholder.svg
Кофе Jacobs Monarch растворимый с ароматной арабикой 1.8 г;https://arbuz.kz//ru/almaty/catalog/item/275876-kofe_jacobs_monarch_rastvorimyi_s_aromatnoi_arabikoi_1_8_g;135 ₸;https://arbuz.kz//static/platform/frontend/assets/app/image-placeholder.svg
Кофе Carte Noire растворимый 30 шт;https://arbuz.kz//ru/almaty/catalog/item/280377-kofe_carte_noire_rastvorimyi_30_sht;3520 ₸;https://arbuz.kz//static/platform/frontend/assets/app/image-placeholder.svg
Кофе Jacobs Barista Americano растворимый 46,8 г 30 шт;https://arbuz.kz//ru/almaty/catalog/item/280380-kofe_jacobs_barista_americano_rastvorimyi_46_8_g_30_sht;2880 ₸;https://arbuz.kz//static/platform/frontend/assets/app/image-placeholder.svg
Кофе Nescafe  Классик с Арабикой 2 г;https://arbuz.kz//ru/almaty/catalog/item/282000-kofe_nescafe_klassik_s_arabikoi_2_g;"43 ₸          

              55 ₸";https://arbuz.kz//static/platform/frontend/assets/app/image-placeholder.svg
Кофе Jacobs Monarch растворимый 1.8 г 30 шт;https://arbuz.kz//ru/almaty/catalog/item/282386-kofe_jacobs_monarch_rastvorimyi_1_8_g_30_sht;"2448 ₸          

              2880 ₸";https://arbuz.kz//static/platform/frontend/assets/app/image-placeholder.svg
Кофе Jacobs Monarch натуральный растворимый сублимированный, 130г;https://arbuz.kz//ru/almaty/catalog/item/310568-kofe_jacobs_monarch_naturalnyi_rastvorimyi_sublimirovannyi_130g;3319 ₸;https://arbuz.kz//static/platform/frontend/assets/app/image-placeholder.svg
Кофе Mozart Kaffee Instant растворимый 100 г;https://arbuz.kz//ru/almaty/catalog/item/293034-kofe_mozart_kaffee_instant_rastvorimyi_100_g;3479 ₸;https://arbuz.kz//static/platform/frontend/assets/app/image-placeholder.svg
Кофе Idee Kaffee Gold Express растворимый 100 г;https://arbuz.kz//ru/almaty/catalog/item/293032-kofe_idee_kaffee_gold_express_rastvorimyi_100_g;"2605 ₸          

              3510 ₸";https://arbuz.kz//static/platform/frontend/assets/app/image-placeholder.svg
Кофе Eilles Kaffee Gourmet растворимый 100 г;https://arbuz.kz//ru/almaty/catalog/item/293031-kofe_eilles_kaffee_gourmet_rastvorimyi_100_g;2799 ₸;https://arbuz.kz//static/platform/frontend/assets/app/image-placeholder.svg
Кофе Egoiste Velvet растворимый 95 г;https://arbuz.kz//ru/almaty/catalog/item/293030-kofe_egoiste_velvet_rastvorimyi_95_g;6045 ₸;https://arbuz.kz//static/platform/frontend/assets/app/image-placeholder.svg
Кофе Egoiste Special растворимый 100 г;https://arbuz.kz//ru/almaty/catalog/item/293029-kofe_egoiste_special_rastvorimyi_100_g;5999 ₸;https://arbuz.kz//static/platform/frontend/assets/app/image-placeholder.svg
Кофе Egoiste Private растворимый 100 г;https://arbuz.kz//ru/almaty/catalog/item/293028-kofe_egoiste_private_rastvorimyi_100_g;6137 ₸;https://arbuz.kz//static/platform/frontend/assets/app/image-placeholder.svg
Кофе Egoiste Platinum растворимый 100 г;https://arbuz.kz//ru/almaty/catalog/item/293027-kofe_egoiste_platinum_rastvorimyi_100_g;5776 ₸;https://arbuz.kz//static/platform/frontend/assets/app/image-placeholder.svg
Кофе Egoiste Noir растворимый 100 г;https://arbuz.kz//ru/almaty/catalog/item/293026-kofe_egoiste_noir_rastvorimyi_100_g;4335 ₸;https://arbuz.kz//static/platform/frontend/assets/app/image-placeholder.svg
Кофе Egoiste Double Espresso растворимый 100 г;https://arbuz.kz//ru/almaty/catalog/item/293025-kofe_egoiste_double_espresso_rastvorimyi_100_g;4104 ₸;https://arbuz.kz//static/platform/frontend/assets/app/image-placeholder.svg
Кофе Bushido Light Katana растворимый 100 г;https://arbuz.kz//ru/almaty/catalog/item/293010-kofe_bushido_light_katana_rastvorimyi_100_g;5999 ₸;https://arbuz.kz//static/platform/frontend/assets/app/image-placeholder.svg
Кофе растворимый Carte Noire Сaramel пакет 120 г;https://arbuz.kz//ru/almaty/catalog/item/289892-kofe_rastvorimyi_carte_noire_saramel_paket_120_g;5615 ₸;https://arbuz.kz//static/platform/frontend/assets/app/image-placeholder.svg
Кофе растворимый Carte Noire Elegant блок 1,8 г  30 шт;https://arbuz.kz//ru/almaty/catalog/item/289891-kofe_rastvorimyi_carte_noire_elegant_blok_1_8_g_30_sht;3520 ₸;https://arbuz.kz//static/platform/frontend/assets/app/image-placeholder.svg
Кофе растворимый Carte Noire Elegant пакет 75 г;https://arbuz.kz//ru/almaty/catalog/item/289890-kofe_rastvorimyi_carte_noire_elegant_paket_75_g_;3379 ₸;https://arbuz.kz//static/platform/frontend/assets/app/image-placeholder.svg
Кофе Nescafe 100% натуральный растворимый порошкообразный 120 г;https://arbuz.kz//ru/almaty/catalog/item/285483-kofe_nescafe_100_naturalnyi_rastvorimyi_poroshkoobraznyi_120_g;2015 ₸;https://arbuz.kz//static/platform/frontend/assets/app/image-placeholder.svg
Кофе Nescafe GOLD Aroma Intenso растворимый сублимированный с добавлением жареного молотого 170 г;https://arbuz.kz//ru/almaty/catalog/item/285482-kofe_nescafe_gold_aroma_intenso_rastvorimyi_sublimirovannyi_s_dobavleniem_zharenogo_molotogo_170_g;3555 ₸;https://arbuz.kz//static/platform/frontend/assets/app/image-placeholder.svg
Кофе Jardin Kenya Kilimanjaro 150 г;https://arbuz.kz//ru/almaty/catalog/item/283559-kofe_jardin_kenya_kilimanjaro_150_g;3432 ₸;https://arbuz.kz//static/platform/frontend/assets/app/image-placeholder.svg
Кофе Жокей растворимый сублимированный 450 г;https://arbuz.kz//ru/almaty/catalog/item/283553-kofe_zhokei_rastvorimyi_sublimirovannyi_450_g;7339 ₸;https://arbuz.kz//static/platform/frontend/assets/app/image-placeholder.svg
Кофе Жокей Триумф растворимый сублимированный 280 г;https://arbuz.kz//ru/almaty/catalog/item/283552-kofe_zhokei_triumf_rastvorimyi_sublimirovannyi_280_g;4566 ₸;https://arbuz.kz//static/platform/frontend/assets/app/image-placeholder.svg
Кофе Жокей Импер растворимый сублимированный арабика в стеклянной банке 95 г;https://arbuz.kz//ru/almaty/catalog/item/283551-kofe_zhokei_imper_rastvorimyi_sublimirovannyi_arabika_v_steklyannoi_banke_95_g;1722 ₸;https://arbuz.kz//static/platform/frontend/assets/app/image-placeholder.svg
Кофе Nescafe Gold Aroma Intenso 290 г;https://arbuz.kz//ru/almaty/catalog/item/281998-kofe_nescafe_gold_aroma_intenso_290_g;4778 ₸;https://arbuz.kz//static/platform/frontend/assets/app/image-placeholder.svg
Кофе Jacobs Asian Selection натуральный растворимый сублимированный 90 г;https://arbuz.kz//ru/almaty/catalog/item/275134-kofe_jacobs_asian_selection_naturalnyi_rastvorimyi_sublimirovannyi_90_g;2571 ₸;https://arbuz.kz//static/platform/frontend/assets/app/image-placeholder.svg
Кофе Jacobs Brazilian Selection натуральный растворимый сублимированный 95 г;https://arbuz.kz//ru/almaty/catalog/item/275133-kofe_jacobs_brazilian_selection_naturalnyi_rastvorimyi_sublimirovannyi_95_g;2571 ₸;https://arbuz.kz//static/platform/frontend/assets/app/image-placeholder.svg
Кофе Carte Noire растворимый 33 г;https://arbuz.kz//ru/almaty/catalog/item/273959-kofe_carte_noire_rastvorimyi_33_g;1459 ₸;https://arbuz.kz//static/platform/frontend/assets/app/image-placeholder.svg
Кофе Jacobs Monarch растворимый 47,5 г;https://arbuz.kz//ru/almaty/catalog/item/273956-kofe_jacobs_monarch_rastvorimyi_47_5_g;"1300 ₸          

              1444 ₸";https://arbuz.kz//static/platform/frontend/assets/app/image-placeholder.svg
Кофе Nescafe Classic растворимый 190 г;https://arbuz.kz//ru/almaty/catalog/item/287666-kofe_nescafe_classic_rastvorimyi_190_g;2444 ₸;https://arbuz.kz//static/platform/frontend/assets/app/image-placeholder.svg
Кофе Nescafe натуральный растворимый сублимированный 320 г;https://arbuz.kz//ru/almaty/catalog/item/267461-kofe_nescafe_naturalnyi_rastvorimyi_sublimirovannyi_320_g;"3321 ₸          

              5444 ₸";https://arbuz.kz//static/platform/frontend/assets/app/image-placeholder.svg
Кофе Nescafe Classic натуральный растворимый порошкообразный 500 г;https://arbuz.kz//ru/almaty/catalog/item/247930-kofe_nescafe_classic_naturalnyi_rastvorimyi_poroshkoobraznyi_500_g;5888 ₸;https://arbuz.kz//static/platform/frontend/assets/app/image-placeholder.svg
Кофе Nescafe Gold натуральный растворимый сублимированный 95 г;https://arbuz.kz//ru/almaty/catalog/item/224062-kofe_nescafe_gold_naturalnyi_rastvorimyi_sublimirovannyi_95_g;2444 ₸;https://arbuz.kz//static/platform/frontend/assets/app/image-placeholder.svg
Кофе Nescafe Classic натуральный растворимый порошкообразный 95 г;https://arbuz.kz//ru/almaty/catalog/item/247213-kofe_nescafe_classic_naturalnyi_rastvorimyi_poroshkoobraznyi_95_g;1666 ₸;https://arbuz.kz//static/platform/frontend/assets/app/image-placeholder.svg
Кофе Nescafe растворимый gold alta rica, 85 г;https://arbuz.kz//ru/almaty/catalog/item/312711-kofe_nescafe_rastvorimyi_gold_alta_rica_85_g;2475 ₸;https://arbuz.kz//static/platform/frontend/assets/app/image-placeholder.svg
Какао Хрутка супер шоколадный, 200 г;https://arbuz.kz//ru/almaty/catalog/item/312712-kakao_hrutka_super_shokoladnyi_200_g;1145 ₸;https://arbuz.kz//static/platform/frontend/assets/app/image-placeholder.svg
Кофе Carte Noire растворимый 1.8 г 26 пакетиков;https://arbuz.kz//ru/almaty/catalog/item/232790-kofe_carte_noire_rastvorimyi_1_8_g_26_paketikov;2207 ₸;https://arbuz.kz//static/platform/frontend/assets/app/image-placeholder.svg
Кофе Carte Noire растворимый 190 г;https://arbuz.kz//ru/almaty/catalog/item/252160-kofe_carte_noire_rastvorimyi_190_g;7682 ₸;https://arbuz.kz//static/platform/frontend/assets/app/image-placeholder.svg
Кофе Carte Noire растворимый сублимированный 1.8 г;https://arbuz.kz//ru/almaty/catalog/item/263478-kofe_carte_noire_rastvorimyi_sublimirovannyi_1_8_g;141 ₸;https://arbuz.kz//static/platform/frontend/assets/app/image-placeholder.svg
Кофе Jacobs Monarch растворимый с ароматной арабикой 1.8 г;https://arbuz.kz//ru/almaty/catalog/item/275876-kofe_jacobs_monarch_rastvorimyi_s_aromatnoi_arabikoi_1_8_g;135 ₸;https://arbuz.kz//static/platform/frontend/assets/app/image-placeholder.svg
Кофе Carte Noire растворимый 30 шт;https://arbuz.kz//ru/almaty/catalog/item/280377-kofe_carte_noire_rastvorimyi_30_sht;3520 ₸;https://arbuz.kz//static/platform/frontend/assets/app/image-placeholder.svg
Кофе Jacobs Barista Americano растворимый 46,8 г 30 шт;https://arbuz.kz//ru/almaty/catalog/item/280380-kofe_jacobs_barista_americano_rastvorimyi_46_8_g_30_sht;2880 ₸;https://arbuz.kz//static/platform/frontend/assets/app/image-placeholder.svg
Кофе Nescafe  Классик с Арабикой 2 г;https://arbuz.kz//ru/almaty/catalog/item/282000-kofe_nescafe_klassik_s_arabikoi_2_g;"43 ₸          

              55 ₸";https://arbuz.kz//static/platform/frontend/assets/app/image-placeholder.svg
Кофе Jacobs Monarch растворимый 1.8 г 30 шт;https://arbuz.kz//ru/almaty/catalog/item/282386-kofe_jacobs_monarch_rastvorimyi_1_8_g_30_sht;"2448 ₸          

              2880 ₸";https://arbuz.kz//static/platform/frontend/assets/app/image-placeholder.svg
Кофе Jacobs Monarch натуральный растворимый сублимированный, 130г;https://arbuz.kz//ru/almaty/catalog/item/310568-kofe_jacobs_monarch_naturalnyi_rastvorimyi_sublimirovannyi_130g;3319 ₸;https://arbuz.kz//static/platform/frontend/assets/app/image-placeholder.svg
Кофе Mozart Kaffee Instant растворимый 100 г;https://arbuz.kz//ru/almaty/catalog/item/293034-kofe_mozart_kaffee_instant_rastvorimyi_100_g;3479 ₸;https://arbuz.kz//static/platform/frontend/assets/app/image-placeholder.svg
Кофе Idee Kaffee Gold Express растворимый 100 г;https://arbuz.kz//ru/almaty/catalog/item/293032-kofe_idee_kaffee_gold_express_rastvorimyi_100_g;"2605 ₸          

              3510 ₸";https://arbuz.kz//static/platform/frontend/assets/app/image-placeholder.svg
Кофе Eilles Kaffee Gourmet растворимый 100 г;https://arbuz.kz//ru/almaty/catalog/item/293031-kofe_eilles_kaffee_gourmet_rastvorimyi_100_g;2799 ₸;https://arbuz.kz//static/platform/frontend/assets/app/image-placeholder.svg
Кофе Egoiste Velvet растворимый 95 г;https://arbuz.kz//ru/almaty/catalog/item/293030-kofe_egoiste_velvet_rastvorimyi_95_g;6045 ₸;https://arbuz.kz//static/platform/frontend/assets/app/image-placeholder.svg
Кофе Egoiste Special растворимый 100 г;https://arbuz.kz//ru/almaty/catalog/item/293029-kofe_egoiste_special_rastvorimyi_100_g;5999 ₸;https://arbuz.kz//static/platform/frontend/assets/app/image-placeholder.svg
Кофе Egoiste Private растворимый 100 г;https://arbuz.kz//ru/almaty/catalog/item/293028-kofe_egoiste_private_rastvorimyi_100_g;6137 ₸;https://arbuz.kz//static/platform/frontend/assets/app/image-placeholder.svg
Кофе Egoiste Platinum растворимый 100 г;https://arbuz.kz//ru/almaty/catalog/item/293027-kofe_egoiste_platinum_rastvorimyi_100_g;5776 ₸;https://arbuz.kz//static/platform/frontend/assets/app/image-placeholder.svg
Кофе Egoiste Noir растворимый 100 г;https://arbuz.kz//ru/almaty/catalog/item/293026-kofe_egoiste_noir_rastvorimyi_100_g;4335 ₸;https://arbuz.kz//static/platform/frontend/assets/app/image-placeholder.svg
Кофе Egoiste Double Espresso растворимый 100 г;https://arbuz.kz//ru/almaty/catalog/item/293025-kofe_egoiste_double_espresso_rastvorimyi_100_g;4104 ₸;https://arbuz.kz//static/platform/frontend/assets/app/image-placeholder.svg
Кофе Bushido Light Katana растворимый 100 г;https://arbuz.kz//ru/almaty/catalog/item/293010-kofe_bushido_light_katana_rastvorimyi_100_g;5999 ₸;https://arbuz.kz//static/platform/frontend/assets/app/image-placeholder.svg
Кофе растворимый Carte Noire Сaramel пакет 120 г;https://arbuz.kz//ru/almaty/catalog/item/289892-kofe_rastvorimyi_carte_noire_saramel_paket_120_g;5615 ₸;https://arbuz.kz//static/platform/frontend/assets/app/image-placeholder.svg
Кофе растворимый Carte Noire Elegant блок 1,8 г  30 шт;https://arbuz.kz//ru/almaty/catalog/item/289891-kofe_rastvorimyi_carte_noire_elegant_blok_1_8_g_30_sht;3520 ₸;https://arbuz.kz//static/platform/frontend/assets/app/image-placeholder.svg
Кофе растворимый Carte Noire Elegant пакет 75 г;https://arbuz.kz//ru/almaty/catalog/item/289890-kofe_rastvorimyi_carte_noire_elegant_paket_75_g_;3379 ₸;https://arbuz.kz//static/platform/frontend/assets/app/image-placeholder.svg
Кофе Nescafe 100% натуральный растворимый порошкообразный 120 г;https://arbuz.kz//ru/almaty/catalog/item/285483-kofe_nescafe_100_naturalnyi_rastvorimyi_poroshkoobraznyi_120_g;2015 ₸;https://arbuz.kz//static/platform/frontend/assets/app/image-placeholder.svg
Кофе Nescafe GOLD Aroma Intenso растворимый сублимированный с добавлением жареного молотого 170 г;https://arbuz.kz//ru/almaty/catalog/item/285482-kofe_nescafe_gold_aroma_intenso_rastvorimyi_sublimirovannyi_s_dobavleniem_zharenogo_molotogo_170_g;3555 ₸;https://arbuz.kz//static/platform/frontend/assets/app/image-placeholder.svg
Кофе Jardin Kenya Kilimanjaro 150 г;https://arbuz.kz//ru/almaty/catalog/item/283559-kofe_jardin_kenya_kilimanjaro_150_g;3432 ₸;https://arbuz.kz//static/platform/frontend/assets/app/image-placeholder.svg
Кофе Жокей растворимый сублимированный 450 г;https://arbuz.kz//ru/almaty/catalog/item/283553-kofe_zhokei_rastvorimyi_sublimirovannyi_450_g;7339 ₸;https://arbuz.kz//static/platform/frontend/assets/app/image-placeholder.svg
Кофе Жокей Триумф растворимый сублимированный 280 г;https://arbuz.kz//ru/almaty/catalog/item/283552-kofe_zhokei_triumf_rastvorimyi_sublimirovannyi_280_g;4566 ₸;https://arbuz.kz//static/platform/frontend/assets/app/image-placeholder.svg
Кофе Жокей Импер растворимый сублимированный арабика в стеклянной банке 95 г;https://arbuz.kz//ru/almaty/catalog/item/283551-kofe_zhokei_imper_rastvorimyi_sublimirovannyi_arabika_v_steklyannoi_banke_95_g;1722 ₸;https://arbuz.kz//static/platform/frontend/assets/app/image-placeholder.svg
Кофе Nescafe Gold Aroma Intenso 290 г;https://arbuz.kz//ru/almaty/catalog/item/281998-kofe_nescafe_gold_aroma_intenso_290_g;4778 ₸;https://arbuz.kz//static/platform/frontend/assets/app/image-placeholder.svg
Кофе Jacobs Asian Selection натуральный растворимый сублимированный 90 г;https://arbuz.kz//ru/almaty/catalog/item/275134-kofe_jacobs_asian_selection_naturalnyi_rastvorimyi_sublimirovannyi_90_g;2571 ₸;https://arbuz.kz//static/platform/frontend/assets/app/image-placeholder.svg
Кофе Jacobs Brazilian Selection натуральный растворимый сублимированный 95 г;https://arbuz.kz//ru/almaty/catalog/item/275133-kofe_jacobs_brazilian_selection_naturalnyi_rastvorimyi_sublimirovannyi_95_g;2571 ₸;https://arbuz.kz//static/platform/frontend/assets/app/image-placeholder.svg
Кофе Carte Noire растворимый 33 г;https://arbuz.kz//ru/almaty/catalog/item/273959-kofe_carte_noire_rastvorimyi_33_g;1459 ₸;https://arbuz.kz//static/platform/frontend/assets/app/image-placeholder.svg
Кофе Jacobs Monarch растворимый 47,5 г;https://arbuz.kz//ru/almaty/catalog/item/273956-kofe_jacobs_monarch_rastvorimyi_47_5_g;"1300 ₸          

              1444 ₸";https://arbuz.kz//static/platform/frontend/assets/app/image-placeholder.svg
Кофе Nescafe Classic растворимый 190 г;https://arbuz.kz//ru/almaty/catalog/item/287666-kofe_nescafe_classic_rastvorimyi_190_g;2444 ₸;https://arbuz.kz//static/platform/frontend/assets/app/image-placeholder.svg
Кофе Nescafe натуральный растворимый сублимированный 320 г;https://arbuz.kz//ru/almaty/catalog/item/267461-kofe_nescafe_naturalnyi_rastvorimyi_sublimirovannyi_320_g;"3321 ₸          

              5444 ₸";https://arbuz.kz//static/platform/frontend/assets/app/image-placeholder.svg
Кофе Nescafe Classic натуральный растворимый порошкообразный 500 г;https://arbuz.kz//ru/almaty/catalog/item/247930-kofe_nescafe_classic_naturalnyi_rastvorimyi_poroshkoobraznyi_500_g;5888 ₸;https://arbuz.kz//static/platform/frontend/assets/app/image-placeholder.svg
Кофе Nescafe Gold натуральный растворимый сублимированный 95 г;https://arbuz.kz//ru/almaty/catalog/item/224062-kofe_nescafe_gold_naturalnyi_rastvorimyi_sublimirovannyi_95_g;2444 ₸;https://arbuz.kz//static/platform/frontend/assets/app/image-placeholder.svg
Кофе Nescafe Classic натуральный растворимый порошкообразный 95 г;https://arbuz.kz//ru/almaty/catalog/item/247213-kofe_nescafe_classic_naturalnyi_rastvorimyi_poroshkoobraznyi_95_g;1666 ₸;https://arbuz.kz//static/platform/frontend/assets/app/image-placeholder.svg
Кофе Nescafe растворимый gold alta rica, 85 г;https://arbuz.kz//ru/almaty/catalog/item/312711-kofe_nescafe_rastvorimyi_gold_alta_rica_85_g;2475 ₸;https://arbuz.kz//static/platform/frontend/assets/app/image-placeholder.svg
Какао Хрутка супер шоколадный, 200 г;https://arbuz.kz//ru/almaty/catalog/item/312712-kakao_hrutka_super_shokoladnyi_200_g;1145 ₸;https://arbuz.kz//static/platform/frontend/assets/app/image-placeholder.svg
Кофе Carte Noire растворимый 1.8 г 26 пакетиков;https://arbuz.kz//ru/almaty/catalog/item/232790-kofe_carte_noire_rastvorimyi_1_8_g_26_paketikov;2207 ₸;https://arbuz.kz//static/platform/frontend/assets/app/image-placeholder.svg
Кофе Carte Noire растворимый 190 г;https://arbuz.kz//ru/almaty/catalog/item/252160-kofe_carte_noire_rastvorimyi_190_g;7682 ₸;https://arbuz.kz//static/platform/frontend/assets/app/image-placeholder.svg
Кофе Carte Noire растворимый сублимированный 1.8 г;https://arbuz.kz//ru/almaty/catalog/item/263478-kofe_carte_noire_rastvorimyi_sublimirovannyi_1_8_g;141 ₸;https://arbuz.kz//static/platform/frontend/assets/app/image-placeholder.svg
Кофе Jacobs Monarch растворимый с ароматной арабикой 1.8 г;https://arbuz.kz//ru/almaty/catalog/item/275876-kofe_jacobs_monarch_rastvorimyi_s_aromatnoi_arabikoi_1_8_g;135 ₸;https://arbuz.kz//static/platform/frontend/assets/app/image-placeholder.svg
Кофе Carte Noire растворимый 30 шт;https://arbuz.kz//ru/almaty/catalog/item/280377-kofe_carte_noire_rastvorimyi_30_sht;3520 ₸;https://arbuz.kz//static/platform/frontend/assets/app/image-placeholder.svg
Кофе Jacobs Barista Americano растворимый 46,8 г 30 шт;https://arbuz.kz//ru/almaty/catalog/item/280380-kofe_jacobs_barista_americano_rastvorimyi_46_8_g_30_sht;2880 ₸;https://arbuz.kz//static/platform/frontend/assets/app/image-placeholder.svg
Кофе Nescafe  Классик с Арабикой 2 г;https://arbuz.kz//ru/almaty/catalog/item/282000-kofe_nescafe_klassik_s_arabikoi_2_g;"43 ₸          

              55 ₸";https://arbuz.kz//static/platform/frontend/assets/app/image-placeholder.svg
Кофе Jacobs Monarch растворимый 1.8 г 30 шт;https://arbuz.kz//ru/almaty/catalog/item/282386-kofe_jacobs_monarch_rastvorimyi_1_8_g_30_sht;"2448 ₸          

              2880 ₸";https://arbuz.kz//static/platform/frontend/assets/app/image-placeholder.svg
Кофе Jacobs Monarch натуральный растворимый сублимированный, 130г;https://arbuz.kz//ru/almaty/catalog/item/310568-kofe_jacobs_monarch_naturalnyi_rastvorimyi_sublimirovannyi_130g;3319 ₸;https://arbuz.kz//static/platform/frontend/assets/app/image-placeholder.svg
Кофе Mozart Kaffee Instant растворимый 100 г;https://arbuz.kz//ru/almaty/catalog/item/293034-kofe_mozart_kaffee_instant_rastvorimyi_100_g;3479 ₸;https://arbuz.kz//static/platform/frontend/assets/app/image-placeholder.svg
Кофе Idee Kaffee Gold Express растворимый 100 г;https://arbuz.kz//ru/almaty/catalog/item/293032-kofe_idee_kaffee_gold_express_rastvorimyi_100_g;"2605 ₸          

              3510 ₸";https://arbuz.kz//static/platform/frontend/assets/app/image-placeholder.svg
Кофе Eilles Kaffee Gourmet растворимый 100 г;https://arbuz.kz//ru/almaty/catalog/item/293031-kofe_eilles_kaffee_gourmet_rastvorimyi_100_g;2799 ₸;https://arbuz.kz//static/platform/frontend/assets/app/image-placeholder.svg
Кофе Egoiste Velvet растворимый 95 г;https://arbuz.kz//ru/almaty/catalog/item/293030-kofe_egoiste_velvet_rastvorimyi_95_g;6045 ₸;https://arbuz.kz//static/platform/frontend/assets/app/image-placeholder.svg
Кофе Egoiste Special растворимый 100 г;https://arbuz.kz//ru/almaty/catalog/item/293029-kofe_egoiste_special_rastvorimyi_100_g;5999 ₸;https://arbuz.kz//static/platform/frontend/assets/app/image-placeholder.svg
Кофе Egoiste Private растворимый 100 г;https://arbuz.kz//ru/almaty/catalog/item/293028-kofe_egoiste_private_rastvorimyi_100_g;6137 ₸;https://arbuz.kz//static/platform/frontend/assets/app/image-placeholder.svg
Кофе Egoiste Platinum растворимый 100 г;https://arbuz.kz//ru/almaty/catalog/item/293027-kofe_egoiste_platinum_rastvorimyi_100_g;5776 ₸;https://arbuz.kz//static/platform/frontend/assets/app/image-placeholder.svg
Кофе Egoiste Noir растворимый 100 г;https://arbuz.kz//ru/almaty/catalog/item/293026-kofe_egoiste_noir_rastvorimyi_100_g;4335 ₸;https://arbuz.kz//static/platform/frontend/assets/app/image-placeholder.svg
Кофе Egoiste Double Espresso растворимый 100 г;https://arbuz.kz//ru/almaty/catalog/item/293025-kofe_egoiste_double_espresso_rastvorimyi_100_g;4104 ₸;https://arbuz.kz//static/platform/frontend/assets/app/image-placeholder.svg
Кофе Bushido Light Katana растворимый 100 г;https://arbuz.kz//ru/almaty/catalog/item/293010-kofe_bushido_light_katana_rastvorimyi_100_g;5999 ₸;https://arbuz.kz//static/platform/frontend/assets/app/image-placeholder.svg
Кофе растворимый Carte Noire Сaramel пакет 120 г;https://arbuz.kz//ru/almaty/catalog/item/289892-kofe_rastvorimyi_carte_noire_saramel_paket_120_g;5615 ₸;https://arbuz.kz//static/platform/frontend/assets/app/image-placeholder.svg
Кофе растворимый Carte Noire Elegant блок 1,8 г  30 шт;https://arbuz.kz//ru/almaty/catalog/item/289891-kofe_rastvorimyi_carte_noire_elegant_blok_1_8_g_30_sht;3520 ₸;https://arbuz.kz//static/platform/frontend/assets/app/image-placeholder.svg
Кофе растворимый Carte Noire Elegant пакет 75 г;https://arbuz.kz//ru/almaty/catalog/item/289890-kofe_rastvorimyi_carte_noire_elegant_paket_75_g_;3379 ₸;https://arbuz.kz//static/platform/frontend/assets/app/image-placeholder.svg
Кофе Nescafe 100% натуральный растворимый порошкообразный 120 г;https://arbuz.kz//ru/almaty/catalog/item/285483-kofe_nescafe_100_naturalnyi_rastvorimyi_poroshkoobraznyi_120_g;2015 ₸;https://arbuz.kz//static/platform/frontend/assets/app/image-placeholder.svg
Кофе Nescafe GOLD Aroma Intenso растворимый сублимированный с добавлением жареного молотого 170 г;https://arbuz.kz//ru/almaty/catalog/item/285482-kofe_nescafe_gold_aroma_intenso_rastvorimyi_sublimirovannyi_s_dobavleniem_zharenogo_molotogo_170_g;3555 ₸;https://arbuz.kz//static/platform/frontend/assets/app/image-placeholder.svg
Кофе Jardin Kenya Kilimanjaro 150 г;https://arbuz.kz//ru/almaty/catalog/item/283559-kofe_jardin_kenya_kilimanjaro_150_g;3432 ₸;https://arbuz.kz//static/platform/frontend/assets/app/image-placeholder.svg
Кофе Жокей растворимый сублимированный 450 г;https://arbuz.kz//ru/almaty/catalog/item/283553-kofe_zhokei_rastvorimyi_sublimirovannyi_450_g;7339 ₸;https://arbuz.kz//static/platform/frontend/assets/app/image-placeholder.svg
Кофе Жокей Триумф растворимый сублимированный 280 г;https://arbuz.kz//ru/almaty/catalog/item/283552-kofe_zhokei_triumf_rastvorimyi_sublimirovannyi_280_g;4566 ₸;https://arbuz.kz//static/platform/frontend/assets/app/image-placeholder.svg
Кофе Жокей Импер растворимый сублимированный арабика в стеклянной банке 95 г;https://arbuz.kz//ru/almaty/catalog/item/283551-kofe_zhokei_imper_rastvorimyi_sublimirovannyi_arabika_v_steklyannoi_banke_95_g;1722 ₸;https://arbuz.kz//static/platform/frontend/assets/app/image-placeholder.svg
Кофе Nescafe Gold Aroma Intenso 290 г;https://arbuz.kz//ru/almaty/catalog/item/281998-kofe_nescafe_gold_aroma_intenso_290_g;4778 ₸;https://arbuz.kz//static/platform/frontend/assets/app/image-placeholder.svg
Кофе Jacobs Asian Selection натуральный растворимый сублимированный 90 г;https://arbuz.kz//ru/almaty/catalog/item/275134-kofe_jacobs_asian_selection_naturalnyi_rastvorimyi_sublimirovannyi_90_g;2571 ₸;https://arbuz.kz//static/platform/frontend/assets/app/image-placeholder.svg
Кофе Jacobs Brazilian Selection натуральный растворимый сублимированный 95 г;https://arbuz.kz//ru/almaty/catalog/item/275133-kofe_jacobs_brazilian_selection_naturalnyi_rastvorimyi_sublimirovannyi_95_g;2571 ₸;https://arbuz.kz//static/platform/frontend/assets/app/image-placeholder.svg
Кофе Carte Noire растворимый 33 г;https://arbuz.kz//ru/almaty/catalog/item/273959-kofe_carte_noire_rastvorimyi_33_g;1459 ₸;https://arbuz.kz//static/platform/frontend/assets/app/image-placeholder.svg
Кофе Jacobs Monarch растворимый 47,5 г;https://arbuz.kz//ru/almaty/catalog/item/273956-kofe_jacobs_monarch_rastvorimyi_47_5_g;"1300 ₸          

              1444 ₸";https://arbuz.kz//static/platform/frontend/assets/app/image-placeholder.svg
